"SHIPMENT_ID","STORE_ID","CUSTOMER_ID","DELIVERY_ADDRESS","SHIPMENT_STATUS"
628,1,8,"Boston, MA 02116 USA","DELIVERED"
629,1,114,"Milanville, PA 18443 USA","DELIVERED"
630,1,392,"East Bernard, TX 77435 USA","DELIVERED"
631,1,392,"East Bernard, TX 77435 USA","DELIVERED"
632,1,145,"Fort Lauderdale, FL 33334 USA","DELIVERED"
633,1,145,"Fort Lauderdale, FL 33334 USA","DELIVERED"
634,1,24,"Bowdoin, ME 04287 USA","DELIVERED"
635,1,250,"Ridgeway, OH 43345 USA","DELIVERED"
636,1,250,"Ridgeway, OH 43345 USA","DELIVERED"
637,1,10,"Piermont, NH 03779 USA","DELIVERED"
638,1,10,"Piermont, NH 03779 USA","DELIVERED"
639,1,311,"Rustburg, VA 24588 USA","DELIVERED"
640,1,311,"Rustburg, VA 24588 USA","DELIVERED"
641,1,386,"Klondike, TX 75448 USA","DELIVERED"
642,1,382,"Montegut, LA 70377 USA","DELIVERED"
643,1,352,"Hartfield, VA 23071 USA","DELIVERED"
644,1,212,"Decatur, MS 39327 USA","DELIVERED"
645,1,355,"San Antonio, TX 78204 USA","DELIVERED"
646,1,355,"San Antonio, TX 78204 USA","DELIVERED"
647,1,155,"Lewes, DE 19958 USA","DELIVERED"
648,1,242,"Union Furnace, OH 43158 USA","DELIVERED"
649,1,242,"Union Furnace, OH 43158 USA","DELIVERED"
650,1,242,"Union Furnace, OH 43158 USA","DELIVERED"
651,1,49,"Rio Grande, NJ 08242 USA","DELIVERED"
652,1,204,"Taylors, SC 29687 USA","DELIVERED"
653,1,216,"Cincinnati, OH 45255 USA","DELIVERED"
654,1,216,"Cincinnati, OH 45255 USA","DELIVERED"
655,1,388,"Occidental, CA 95465 USA","DELIVERED"
656,1,388,"Occidental, CA 95465 USA","DELIVERED"
657,1,291,"Chantilly, VA 20151 USA","DELIVERED"
658,1,291,"Chantilly, VA 20151 USA","DELIVERED"
659,1,272,"Brush Creek, TN 38547 USA","DELIVERED"
660,1,307,"Lester, WV 25865 USA","DELIVERED"
661,1,42,"Florida, NY 10921 USA","DELIVERED"
662,1,42,"Florida, NY 10921 USA","DELIVERED"
663,1,390,"Pritchett, CO 81064 USA","DELIVERED"
664,1,235,"Lansing, MI 48933 USA","DELIVERED"
665,1,302,"North Vernon, IN 47265 USA","DELIVERED"
666,1,357,"Thrall, TX 76578 USA","DELIVERED"
667,1,357,"Thrall, TX 76578 USA","DELIVERED"
668,1,271,"Allons, TN 38541 USA","DELIVERED"
669,1,79,"Watkins Glen, NY 14891 USA","DELIVERED"
670,1,280,"Hendersonville, NC 28739 USA","DELIVERED"
671,1,293,"Duffield, VA 24244 USA","DELIVERED"
672,1,239,"Deadwood, SD 57732 USA","DELIVERED"
673,1,239,"Deadwood, SD 57732 USA","DELIVERED"
674,1,217,"Sheldon, MO 64784 USA","DELIVERED"
675,1,217,"Sheldon, MO 64784 USA","DELIVERED"
676,1,182,"Cleveland, TN 37312 USA","DELIVERED"
677,1,116,"Dewart, PA 17730 USA","DELIVERED"
678,1,244,"Brandon, MS 39047 USA","DELIVERED"
679,1,210,"Mount Sterling, OH 43143 USA","DELIVERED"
680,1,210,"Mount Sterling, OH 43143 USA","DELIVERED"
681,1,84,"Hague, NY 12836 USA","DELIVERED"
682,1,374,"Zap, ND 58580 USA","DELIVERED"
683,1,389,"Boone, CO 81025 USA","DELIVERED"
684,1,389,"Boone, CO 81025 USA","DELIVERED"
685,1,368,"Eagletown, OK 74734 USA","DELIVERED"
686,1,368,"Eagletown, OK 74734 USA","DELIVERED"
687,1,344,"Boyden, IA 51234 USA","DELIVERED"
688,1,118,"Roaring Branch, PA 17765 USA","DELIVERED"
689,1,88,"Jenners, PA 15546 USA","DELIVERED"
690,1,88,"Jenners, PA 15546 USA","DELIVERED"
691,1,72,"Hopewell Junction, NY 12533 USA","DELIVERED"
692,1,159,"Belton, SC 29627 USA","DELIVERED"
693,1,159,"Belton, SC 29627 USA","DELIVERED"
694,1,134,"Beverly Hills, FL 34465 USA","DELIVERED"
695,1,134,"Beverly Hills, FL 34465 USA","DELIVERED"
696,1,105,"Richfield, PA 17086 USA","DELIVERED"
698,1,259,"Forest, MS 39074 USA","DELIVERED"
699,1,150,"Dora, AL 35062 USA","DELIVERED"
700,1,64,"Smithville Flats, NY 13841 USA","DELIVERED"
702,1,48,"Camden, NJ 08105 USA","DELIVERED"
703,1,381,"Bigelow, AR 72016 USA","DELIVERED"
704,1,381,"Bigelow, AR 72016 USA","DELIVERED"
705,1,381,"Bigelow, AR 72016 USA","DELIVERED"
706,1,155,"Lewes, DE 19958 USA","DELIVERED"
707,1,155,"Lewes, DE 19958 USA","DELIVERED"
708,1,256,"Ashley, OH 43003 USA","DELIVERED"
709,1,256,"Ashley, OH 43003 USA","DELIVERED"
710,1,164,"Buffalo, SC 29321 USA","DELIVERED"
711,1,164,"Buffalo, SC 29321 USA","DELIVERED"
712,1,262,"Chattanooga, TN 37412 USA","DELIVERED"
713,1,333,"Charles Town, WV 25414 USA","DELIVERED"
714,1,200,"Vicksburg, MS 39183 USA","DELIVERED"
716,1,367,"Walker, LA 70785 USA","DELIVERED"
717,1,355,"San Antonio, TX 78204 USA","DELIVERED"
718,1,243,"Columbus, OH 43209 USA","DELIVERED"
719,1,107,"Gardners, PA 17324 USA","DELIVERED"
720,1,107,"Gardners, PA 17324 USA","DELIVERED"
721,1,107,"Gardners, PA 17324 USA","DELIVERED"
722,1,248,"Grand Rapids, MI 49525 USA","DELIVERED"
723,1,4,"Springfield, MA 01105 USA","DELIVERED"
724,1,4,"Springfield, MA 01105 USA","DELIVERED"
725,1,137,"Pensacola, FL 32509 USA","DELIVERED"
726,1,137,"Pensacola, FL 32509 USA","DELIVERED"
727,1,157,"Ashland City, TN 37015 USA","DELIVERED"
728,1,303,"Nora, VA 24272 USA","DELIVERED"
729,1,303,"Nora, VA 24272 USA","DELIVERED"
730,1,322,"Church View, VA 23032 USA","DELIVERED"
731,1,22,"Walpole, ME 04573 USA","DELIVERED"
732,1,15,"Buzzards Bay, MA 02542 USA","DELIVERED"
733,1,15,"Buzzards Bay, MA 02542 USA","DELIVERED"
734,1,15,"Buzzards Bay, MA 02542 USA","DELIVERED"
735,1,63,"Keasbey, NJ 08832 USA","DELIVERED"
736,1,385,"Pueblo, CO 81001 USA","DELIVERED"
738,1,30,"Stamford, VT 05352 USA","DELIVERED"
739,1,30,"Stamford, VT 05352 USA","DELIVERED"
740,1,302,"North Vernon, IN 47265 USA","DELIVERED"
741,1,125,"Fort Lauderdale, FL 33314 USA","DELIVERED"
742,1,207,"Brighton, MI 48114 USA","DELIVERED"
743,1,207,"Brighton, MI 48114 USA","DELIVERED"
745,1,298,"Kewaskum, WI 53040 USA","DELIVERED"
746,1,60,"Accord, NY 12404 USA","DELIVERED"
747,1,60,"Accord, NY 12404 USA","DELIVERED"
748,1,287,"Blandon, PA 19510 USA","DELIVERED"
749,1,43,"Allentown, NJ 08501 USA","DELIVERED"
750,1,127,"East Palatka, FL 32131 USA","DELIVERED"
751,1,272,"Brush Creek, TN 38547 USA","DELIVERED"
752,1,272,"Brush Creek, TN 38547 USA","DELIVERED"
753,1,143,"Ruby, SC 29741 USA","DELIVERED"
754,1,143,"Ruby, SC 29741 USA","DELIVERED"
755,1,253,"Porcupine, SD 57772 USA","DELIVERED"
756,1,253,"Porcupine, SD 57772 USA","DELIVERED"
757,1,311,"Rustburg, VA 24588 USA","DELIVERED"
758,1,311,"Rustburg, VA 24588 USA","DELIVERED"
759,1,237,"Loyall, KY 40854 USA","DELIVERED"
760,1,237,"Loyall, KY 40854 USA","DELIVERED"
761,1,251,"Thelma, KY 41260 USA","DELIVERED"
762,1,130,"Sumterville, FL 33585 USA","DELIVERED"
763,1,130,"Sumterville, FL 33585 USA","DELIVERED"
764,1,362,"Industry, TX 78944 USA","DELIVERED"
765,1,362,"Industry, TX 78944 USA","DELIVERED"
766,1,319,"Rockville, IN 47872 USA","DELIVERED"
767,1,319,"Rockville, IN 47872 USA","DELIVERED"
768,1,370,"Westcliffe, CO 81252 USA","DELIVERED"
769,1,49,"Rio Grande, NJ 08242 USA","DELIVERED"
770,1,385,"Pueblo, CO 81001 USA","DELIVERED"
771,1,41,"South Pomfret, VT 05067 USA","DELIVERED"
772,1,173,"Oxford, MS 38655 USA","DELIVERED"
774,1,216,"Cincinnati, OH 45255 USA","DELIVERED"
776,1,3,"Webster, MA 01570 USA","DELIVERED"
777,1,3,"Webster, MA 01570 USA","DELIVERED"
778,1,35,"Norwood, NJ 07648 USA","DELIVERED"
779,1,35,"Norwood, NJ 07648 USA","DELIVERED"
780,1,72,"Hopewell Junction, NY 12533 USA","DELIVERED"
1,1,45,"Jobstown, NJ 08041 USA","DELIVERED"
2,1,18,"Marlborough, MA 01752 USA","DELIVERED"
3,1,45,"Jobstown, NJ 08041 USA","DELIVERED"
4,1,2,"Spencer, MA 01562 USA","DELIVERED"
5,1,2,"Spencer, MA 01562 USA","DELIVERED"
6,1,74,"Dryden, NY 13053 USA","DELIVERED"
7,1,9,"Devens, MA 01434 USA","DELIVERED"
8,1,109,"New Park, PA 17352 USA","DELIVERED"
9,1,109,"New Park, PA 17352 USA","DELIVERED"
10,1,109,"New Park, PA 17352 USA","DELIVERED"
11,1,127,"East Palatka, FL 32131 USA","DELIVERED"
12,1,127,"East Palatka, FL 32131 USA","DELIVERED"
13,1,106,"Felton, PA 17322 USA","DELIVERED"
14,1,106,"Felton, PA 17322 USA","DELIVERED"
15,1,68,"Keeseville, NY 12944 USA","DELIVERED"
16,1,127,"East Palatka, FL 32131 USA","DELIVERED"
17,1,99,"Centerville, PA 16404 USA","DELIVERED"
18,1,101,"Towanda, PA 18848 USA","DELIVERED"
19,1,119,"Shippensburg, PA 17257 USA","DELIVERED"
20,1,119,"Shippensburg, PA 17257 USA","DELIVERED"
21,1,119,"Shippensburg, PA 17257 USA","DELIVERED"
22,1,119,"Shippensburg, PA 17257 USA","DELIVERED"
23,1,16,"Hampton, NH 03842 USA","DELIVERED"
25,1,39,"Brookton, ME 04413 USA","DELIVERED"
26,1,49,"Rio Grande, NJ 08242 USA","DELIVERED"
27,1,49,"Rio Grande, NJ 08242 USA","DELIVERED"
28,1,144,"Fort Lauderdale, FL 33332 USA","DELIVERED"
29,1,144,"Fort Lauderdale, FL 33332 USA","DELIVERED"
30,1,80,"Pittsburgh, PA 15203 USA","DELIVERED"
31,1,80,"Pittsburgh, PA 15203 USA","DELIVERED"
32,1,67,"Greig, NY 13345 USA","DELIVERED"
33,1,67,"Greig, NY 13345 USA","DELIVERED"
34,1,81,"Brooktondale, NY 14817 USA","DELIVERED"
35,1,81,"Brooktondale, NY 14817 USA","DELIVERED"
36,1,42,"Florida, NY 10921 USA","DELIVERED"
37,1,126,"Boca Raton, FL 33433 USA","DELIVERED"
38,1,126,"Boca Raton, FL 33433 USA","DELIVERED"
39,1,148,"Tampa, FL 33604 USA","DELIVERED"
40,1,148,"Tampa, FL 33604 USA","DELIVERED"
41,1,139,"Huntsville, AL 35808 USA","DELIVERED"
42,1,139,"Huntsville, AL 35808 USA","DELIVERED"
43,1,55,"North Chatham, NY 12132 USA","DELIVERED"
44,1,206,"Nashville, GA 31639 USA","DELIVERED"
45,1,206,"Nashville, GA 31639 USA","DELIVERED"
46,1,122,"Hampton, SC 29924 USA","DELIVERED"
47,1,122,"Hampton, SC 29924 USA","DELIVERED"
48,1,65,"Highland Lake, NY 12743 USA","DELIVERED"
49,1,65,"Highland Lake, NY 12743 USA","DELIVERED"
50,1,71,"Copake Falls, NY 12517 USA","DELIVERED"
51,1,31,"Wardsboro, VT 05355 USA","DELIVERED"
52,1,31,"Wardsboro, VT 05355 USA","DELIVERED"
53,1,217,"Sheldon, MO 64784 USA","DELIVERED"
54,1,116,"Dewart, PA 17730 USA","DELIVERED"
55,1,116,"Dewart, PA 17730 USA","DELIVERED"
56,1,131,"Cumming, GA 30041 USA","DELIVERED"
57,1,131,"Cumming, GA 30041 USA","DELIVERED"
58,1,193,"Nashville, TN 37220 USA","DELIVERED"
59,1,194,"Philpot, KY 42366 USA","DELIVERED"
60,1,115,"Newfoundland, PA 18445 USA","DELIVERED"
61,1,115,"Newfoundland, PA 18445 USA","DELIVERED"
62,1,184,"Glendale, SC 29346 USA","DELIVERED"
63,1,184,"Glendale, SC 29346 USA","DELIVERED"
64,1,121,"Tower City, PA 17980 USA","DELIVERED"
66,1,162,"Uvalda, GA 30473 USA","DELIVERED"
67,1,81,"Brooktondale, NY 14817 USA","DELIVERED"
68,1,73,"Salt Point, NY 12578 USA","DELIVERED"
69,1,115,"Newfoundland, PA 18445 USA","DELIVERED"
70,1,71,"Copake Falls, NY 12517 USA","DELIVERED"
71,1,71,"Copake Falls, NY 12517 USA","DELIVERED"
72,1,121,"Tower City, PA 17980 USA","DELIVERED"
73,1,135,"Lakeland, FL 33803 USA","DELIVERED"
74,1,135,"Lakeland, FL 33803 USA","DELIVERED"
75,1,65,"Highland Lake, NY 12743 USA","DELIVERED"
76,1,229,"Mayfield, KS 67103 USA","DELIVERED"
77,1,229,"Mayfield, KS 67103 USA","DELIVERED"
78,1,224,"Northfield, OH 44067 USA","DELIVERED"
79,1,227,"Galesville, WI 54630 USA","DELIVERED"
80,1,227,"Galesville, WI 54630 USA","DELIVERED"
81,1,62,"Fonda, NY 12068 USA","DELIVERED"
82,1,62,"Fonda, NY 12068 USA","DELIVERED"
83,1,84,"Hague, NY 12836 USA","DELIVERED"
84,1,168,"Hazelwood, MO 63042 USA","DELIVERED"
85,1,61,"Remsenburg, NY 11960 USA","DELIVERED"
86,1,61,"Remsenburg, NY 11960 USA","DELIVERED"
87,1,244,"Brandon, MS 39047 USA","DELIVERED"
88,1,244,"Brandon, MS 39047 USA","DELIVERED"
89,1,23,"Shapleigh, ME 04076 USA","DELIVERED"
90,1,23,"Shapleigh, ME 04076 USA","DELIVERED"
91,1,162,"Uvalda, GA 30473 USA","DELIVERED"
92,1,200,"Vicksburg, MS 39183 USA","DELIVERED"
94,1,200,"Vicksburg, MS 39183 USA","DELIVERED"
95,1,3,"Webster, MA 01570 USA","DELIVERED"
96,1,219,"Maineville, OH 45039 USA","DELIVERED"
97,1,219,"Maineville, OH 45039 USA","DELIVERED"
98,1,219,"Maineville, OH 45039 USA","DELIVERED"
99,1,161,"Tyler, AL 36785 USA","DELIVERED"
100,1,161,"Tyler, AL 36785 USA","DELIVERED"
101,1,60,"Accord, NY 12404 USA","DELIVERED"
102,1,60,"Accord, NY 12404 USA","DELIVERED"
103,1,187,"Spruce, MI 48762 USA","DELIVERED"
104,1,187,"Spruce, MI 48762 USA","DELIVERED"
105,1,86,"Anita, PA 15711 USA","DELIVERED"
106,1,86,"Anita, PA 15711 USA","DELIVERED"
107,1,155,"Lewes, DE 19958 USA","DELIVERED"
108,1,96,"Factoryville, PA 18419 USA","DELIVERED"
109,1,247,"Cerro Gordo, IL 61818 USA","DELIVERED"
110,1,80,"Pittsburgh, PA 15203 USA","DELIVERED"
111,1,80,"Pittsburgh, PA 15203 USA","DELIVERED"
112,1,258,"Mc Lain, MS 39456 USA","DELIVERED"
113,1,258,"Mc Lain, MS 39456 USA","DELIVERED"
114,1,235,"Lansing, MI 48933 USA","DELIVERED"
115,1,235,"Lansing, MI 48933 USA","DELIVERED"
116,1,146,"Carbon Hill, AL 35549 USA","DELIVERED"
117,1,249,"Mount Gilead, OH 43338 USA","DELIVERED"
118,1,249,"Mount Gilead, OH 43338 USA","DELIVERED"
119,1,294,"Coal City, WV 25823 USA","DELIVERED"
120,1,294,"Coal City, WV 25823 USA","DELIVERED"
121,1,20,"Fairfield, VT 05455 USA","DELIVERED"
122,1,20,"Fairfield, VT 05455 USA","DELIVERED"
123,1,14,"Hathorne, MA 01937 USA","DELIVERED"
124,1,14,"Hathorne, MA 01937 USA","DELIVERED"
125,1,44,"Belle Mead, NJ 08502 USA","DELIVERED"
126,1,195,"Berkley, MI 48072 USA","DELIVERED"
127,1,195,"Berkley, MI 48072 USA","DELIVERED"
128,1,13,"Gloucester, MA 01930 USA","DELIVERED"
130,1,115,"Newfoundland, PA 18445 USA","DELIVERED"
131,1,115,"Newfoundland, PA 18445 USA","DELIVERED"
132,1,67,"Greig, NY 13345 USA","DELIVERED"
133,1,67,"Greig, NY 13345 USA","DELIVERED"
134,1,31,"Wardsboro, VT 05355 USA","DELIVERED"
135,1,151,"Penn Laird, VA 22846 USA","DELIVERED"
136,1,55,"North Chatham, NY 12132 USA","DELIVERED"
137,1,55,"North Chatham, NY 12132 USA","DELIVERED"
138,1,303,"Nora, VA 24272 USA","DELIVERED"
139,1,303,"Nora, VA 24272 USA","DELIVERED"
140,1,175,"Duncan, MS 38740 USA","DELIVERED"
141,1,175,"Duncan, MS 38740 USA","DELIVERED"
142,1,219,"Maineville, OH 45039 USA","DELIVERED"
143,1,17,"Carlisle, MA 01741 USA","DELIVERED"
144,1,172,"Ludlow Falls, OH 45339 USA","DELIVERED"
145,1,259,"Forest, MS 39074 USA","DELIVERED"
146,1,259,"Forest, MS 39074 USA","DELIVERED"
147,1,322,"Church View, VA 23032 USA","DELIVERED"
148,1,271,"Allons, TN 38541 USA","DELIVERED"
149,1,126,"Boca Raton, FL 33433 USA","DELIVERED"
150,1,126,"Boca Raton, FL 33433 USA","DELIVERED"
151,1,226,"Rutland, OH 45775 USA","DELIVERED"
153,1,135,"Lakeland, FL 33803 USA","DELIVERED"
154,1,338,"Falls Church, VA 22043 USA","DELIVERED"
155,1,225,"Chatfield, OH 44825 USA","DELIVERED"
156,1,225,"Chatfield, OH 44825 USA","DELIVERED"
157,1,94,"Dalmatia, PA 17017 USA","DELIVERED"
158,1,94,"Dalmatia, PA 17017 USA","DELIVERED"
159,1,62,"Fonda, NY 12068 USA","DELIVERED"
160,1,62,"Fonda, NY 12068 USA","DELIVERED"
161,1,319,"Rockville, IN 47872 USA","DELIVERED"
163,1,259,"Forest, MS 39074 USA","DELIVERED"
164,1,259,"Forest, MS 39074 USA","DELIVERED"
165,1,259,"Forest, MS 39074 USA","DELIVERED"
166,1,341,"Ellenboro, NC 28040 USA","DELIVERED"
167,1,341,"Ellenboro, NC 28040 USA","DELIVERED"
168,1,149,"Wildwood, FL 34785 USA","DELIVERED"
169,1,206,"Nashville, GA 31639 USA","DELIVERED"
170,1,373,"Isabella, OK 73747 USA","DELIVERED"
171,1,335,"Scranton, PA 18510 USA","DELIVERED"
172,1,314,"Luttrell, TN 37779 USA","DELIVERED"
173,1,176,"Inverness, MS 38753 USA","DELIVERED"
174,1,274,"Memphis, TN 38104 USA","DELIVERED"
175,1,274,"Memphis, TN 38104 USA","DELIVERED"
176,1,278,"Oolitic, IN 47451 USA","DELIVERED"
178,1,76,"Honeoye, NY 14471 USA","DELIVERED"
179,1,327,"Painesdale, MI 49955 USA","DELIVERED"
180,1,273,"Cordova, TN 38016 USA","DELIVERED"
182,1,202,"Somerset, KY 42503 USA","DELIVERED"
184,1,106,"Felton, PA 17322 USA","DELIVERED"
185,1,106,"Felton, PA 17322 USA","DELIVERED"
186,1,219,"Maineville, OH 45039 USA","DELIVERED"
187,1,12,"West Kingston, RI 02892 USA","DELIVERED"
188,1,204,"Taylors, SC 29687 USA","DELIVERED"
189,1,216,"Cincinnati, OH 45255 USA","DELIVERED"
190,1,115,"Newfoundland, PA 18445 USA","DELIVERED"
191,1,115,"Newfoundland, PA 18445 USA","DELIVERED"
192,1,343,"Shelby, NC 28150 USA","DELIVERED"
193,1,343,"Shelby, NC 28150 USA","DELIVERED"
194,1,116,"Dewart, PA 17730 USA","DELIVERED"
195,1,116,"Dewart, PA 17730 USA","DELIVERED"
197,1,206,"Nashville, GA 31639 USA","DELIVERED"
198,1,17,"Carlisle, MA 01741 USA","DELIVERED"
199,1,17,"Carlisle, MA 01741 USA","DELIVERED"
200,1,345,"Loudonville, OH 44842 USA","DELIVERED"
201,1,345,"Loudonville, OH 44842 USA","DELIVERED"
202,1,289,"Oakville, IN 47367 USA","DELIVERED"
203,1,289,"Oakville, IN 47367 USA","DELIVERED"
204,1,374,"Zap, ND 58580 USA","DELIVERED"
205,1,276,"Chattanooga, TN 37419 USA","DELIVERED"
206,1,63,"Keasbey, NJ 08832 USA","DELIVERED"
208,1,301,"Medora, IN 47260 USA","DELIVERED"
209,1,301,"Medora, IN 47260 USA","DELIVERED"
210,1,254,"Granite City, IL 62040 USA","DELIVERED"
211,1,254,"Granite City, IL 62040 USA","DELIVERED"
212,1,162,"Uvalda, GA 30473 USA","DELIVERED"
213,1,123,"Hilton Head Island, SC 29928 USA","DELIVERED"
214,1,123,"Hilton Head Island, SC 29928 USA","DELIVERED"
215,1,135,"Lakeland, FL 33803 USA","DELIVERED"
216,1,135,"Lakeland, FL 33803 USA","DELIVERED"
217,1,348,"Afton, IA 50830 USA","DELIVERED"
218,1,348,"Afton, IA 50830 USA","DELIVERED"
219,1,124,"Decatur, GA 30032 USA","DELIVERED"
220,1,124,"Decatur, GA 30032 USA","DELIVERED"
221,1,254,"Granite City, IL 62040 USA","DELIVERED"
222,1,270,"Mackinaw City, MI 49701 USA","DELIVERED"
223,1,270,"Mackinaw City, MI 49701 USA","DELIVERED"
224,1,246,"Spring Valley, WI 54767 USA","DELIVERED"
225,1,100,"Springville, PA 18844 USA","DELIVERED"
226,1,189,"Dayton, KY 41074 USA","DELIVERED"
227,1,229,"Mayfield, KS 67103 USA","DELIVERED"
228,1,229,"Mayfield, KS 67103 USA","DELIVERED"
229,1,274,"Memphis, TN 38104 USA","DELIVERED"
230,1,274,"Memphis, TN 38104 USA","DELIVERED"
231,1,300,"Aredale, IA 50605 USA","DELIVERED"
232,1,300,"Aredale, IA 50605 USA","DELIVERED"
233,1,387,"Parkman, WY 82838 USA","DELIVERED"
234,1,387,"Parkman, WY 82838 USA","DELIVERED"
235,1,160,"Carrollton, GA 30118 USA","DELIVERED"
236,1,90,"Adamsburg, PA 15611 USA","DELIVERED"
237,1,90,"Adamsburg, PA 15611 USA","DELIVERED"
238,1,245,"Skipperville, AL 36374 USA","DELIVERED"
239,1,387,"Parkman, WY 82838 USA","DELIVERED"
240,1,387,"Parkman, WY 82838 USA","DELIVERED"
241,1,1,"Boylston, MA 01505 USA","DELIVERED"
242,1,175,"Duncan, MS 38740 USA","DELIVERED"
243,1,175,"Duncan, MS 38740 USA","DELIVERED"
244,1,337,"Cutler, IN 46920 USA","DELIVERED"
245,1,337,"Cutler, IN 46920 USA","DELIVERED"
246,1,392,"East Bernard, TX 77435 USA","DELIVERED"
247,1,156,"Saint Petersburg, FL 33713 USA","DELIVERED"
248,1,241,"Amanda, OH 43102 USA","DELIVERED"
249,1,241,"Amanda, OH 43102 USA","DELIVERED"
250,1,69,"Syracuse, NY 13203 USA","DELIVERED"
251,1,314,"Luttrell, TN 37779 USA","DELIVERED"
252,1,314,"Luttrell, TN 37779 USA","DELIVERED"
253,1,117,"Montoursville, PA 17754 USA","DELIVERED"
254,1,117,"Montoursville, PA 17754 USA","DELIVERED"
255,1,117,"Montoursville, PA 17754 USA","DELIVERED"
256,1,180,"Blue Springs, MS 38828 USA","DELIVERED"
257,1,337,"Cutler, IN 46920 USA","DELIVERED"
258,1,337,"Cutler, IN 46920 USA","DELIVERED"
259,1,182,"Cleveland, TN 37312 USA","DELIVERED"
260,1,273,"Cordova, TN 38016 USA","DELIVERED"
261,1,70,"Shandaken, NY 12480 USA","DELIVERED"
262,1,212,"Decatur, MS 39327 USA","DELIVERED"
263,1,228,"Capac, MI 48014 USA","DELIVERED"
264,1,228,"Capac, MI 48014 USA","DELIVERED"
265,1,172,"Ludlow Falls, OH 45339 USA","DELIVERED"
266,1,172,"Ludlow Falls, OH 45339 USA","DELIVERED"
267,1,179,"Louisville, KY 40280 USA","DELIVERED"
268,1,220,"Maple Heights, OH 44137 USA","DELIVERED"
269,1,266,"Le Roy, KS 66857 USA","DELIVERED"
270,1,266,"Le Roy, KS 66857 USA","DELIVERED"
271,1,253,"Porcupine, SD 57772 USA","DELIVERED"
272,1,300,"Aredale, IA 50605 USA","DELIVERED"
273,1,1,"Boylston, MA 01505 USA","DELIVERED"
274,1,1,"Boylston, MA 01505 USA","DELIVERED"
275,1,334,"Falling Waters, WV 25419 USA","DELIVERED"
276,1,22,"Walpole, ME 04573 USA","DELIVERED"
277,1,271,"Allons, TN 38541 USA","DELIVERED"
278,1,32,"Plainfield, NJ 07060 USA","DELIVERED"
279,1,32,"Plainfield, NJ 07060 USA","DELIVERED"
280,1,93,"Boyers, PA 16020 USA","DELIVERED"
282,1,62,"Fonda, NY 12068 USA","DELIVERED"
283,1,62,"Fonda, NY 12068 USA","DELIVERED"
284,1,321,"Baltimore, MD 21223 USA","DELIVERED"
286,1,315,"Beltsville, MD 20705 USA","DELIVERED"
287,1,314,"Luttrell, TN 37779 USA","DELIVERED"
288,1,286,"Stockton, MD 21864 USA","DELIVERED"
289,1,286,"Stockton, MD 21864 USA","DELIVERED"
290,1,111,"Masontown, PA 15461 USA","DELIVERED"
291,1,111,"Masontown, PA 15461 USA","DELIVERED"
292,1,182,"Cleveland, TN 37312 USA","DELIVERED"
293,1,135,"Lakeland, FL 33803 USA","DELIVERED"
294,1,8,"Boston, MA 02116 USA","DELIVERED"
295,1,29,"Secaucus, NJ 07094 USA","DELIVERED"
297,1,319,"Rockville, IN 47872 USA","DELIVERED"
298,1,29,"Secaucus, NJ 07094 USA","DELIVERED"
299,1,24,"Bowdoin, ME 04287 USA","DELIVERED"
300,1,1,"Boylston, MA 01505 USA","DELIVERED"
301,1,1,"Boylston, MA 01505 USA","DELIVERED"
302,1,345,"Loudonville, OH 44842 USA","DELIVERED"
303,1,117,"Montoursville, PA 17754 USA","DELIVERED"
304,1,6,"Medfield, MA 02052 USA","DELIVERED"
306,1,173,"Oxford, MS 38655 USA","DELIVERED"
307,1,173,"Oxford, MS 38655 USA","DELIVERED"
308,1,221,"Warnock, OH 43967 USA","DELIVERED"
309,1,221,"Warnock, OH 43967 USA","DELIVERED"
310,1,121,"Tower City, PA 17980 USA","DELIVERED"
311,1,326,"Lanse, MI 49946 USA","DELIVERED"
312,1,302,"North Vernon, IN 47265 USA","DELIVERED"
313,1,350,"Walford, IA 52351 USA","DELIVERED"
314,1,381,"Bigelow, AR 72016 USA","DELIVERED"
315,1,381,"Bigelow, AR 72016 USA","DELIVERED"
316,1,381,"Bigelow, AR 72016 USA","DELIVERED"
317,1,301,"Medora, IN 47260 USA","DELIVERED"
318,1,334,"Falling Waters, WV 25419 USA","DELIVERED"
319,1,98,"West Hickory, PA 16370 USA","DELIVERED"
320,1,98,"West Hickory, PA 16370 USA","DELIVERED"
321,1,58,"Inwood, NY 11096 USA","DELIVERED"
322,1,58,"Inwood, NY 11096 USA","DELIVERED"
323,1,58,"Inwood, NY 11096 USA","DELIVERED"
324,1,315,"Beltsville, MD 20705 USA","DELIVERED"
325,1,315,"Beltsville, MD 20705 USA","DELIVERED"
327,1,183,"Paris, KY 40361 USA","DELIVERED"
328,1,183,"Paris, KY 40361 USA","DELIVERED"
329,1,238,"Manchester, KY 40962 USA","DELIVERED"
330,1,240,"Beaverdam, OH 45808 USA","DELIVERED"
331,1,193,"Nashville, TN 37220 USA","DELIVERED"
332,1,356,"Montague, TX 76251 USA","DELIVERED"
334,1,166,"Youngstown, OH 44506 USA","DELIVERED"
335,1,166,"Youngstown, OH 44506 USA","DELIVERED"
336,1,105,"Richfield, PA 17086 USA","DELIVERED"
337,1,105,"Richfield, PA 17086 USA","DELIVERED"
338,1,184,"Glendale, SC 29346 USA","DELIVERED"
339,1,184,"Glendale, SC 29346 USA","DELIVERED"
340,1,37,"Bozrah, CT 06334 USA","DELIVERED"
341,1,37,"Bozrah, CT 06334 USA","DELIVERED"
342,1,27,"Cornish, ME 04020 USA","DELIVERED"
343,1,154,"Montverde, FL 34756 USA","DELIVERED"
344,1,154,"Montverde, FL 34756 USA","DELIVERED"
345,1,117,"Montoursville, PA 17754 USA","DELIVERED"
347,1,62,"Fonda, NY 12068 USA","DELIVERED"
348,1,261,"Saint Louis, MO 63126 USA","DELIVERED"
349,1,142,"Fort Mill, SC 29707 USA","DELIVERED"
350,1,142,"Fort Mill, SC 29707 USA","DELIVERED"
351,1,63,"Keasbey, NJ 08832 USA","DELIVERED"
352,1,63,"Keasbey, NJ 08832 USA","DELIVERED"
353,1,245,"Skipperville, AL 36374 USA","DELIVERED"
354,1,303,"Nora, VA 24272 USA","DELIVERED"
355,1,303,"Nora, VA 24272 USA","DELIVERED"
356,1,94,"Dalmatia, PA 17017 USA","DELIVERED"
357,1,51,"Queens Village, NY 11428 USA","DELIVERED"
358,1,252,"Chuckey, TN 37641 USA","DELIVERED"
359,1,252,"Chuckey, TN 37641 USA","DELIVERED"
360,1,58,"Inwood, NY 11096 USA","DELIVERED"
361,1,8,"Boston, MA 02116 USA","DELIVERED"
362,1,167,"Chesterfield, MO 63017 USA","DELIVERED"
363,1,167,"Chesterfield, MO 63017 USA","DELIVERED"
364,1,77,"Lily Dale, NY 14752 USA","DELIVERED"
365,1,332,"Charleston, WV 25304 USA","DELIVERED"
366,1,332,"Charleston, WV 25304 USA","DELIVERED"
367,1,95,"Fredericksburg, PA 17026 USA","DELIVERED"
368,1,365,"Pride, LA 70770 USA","DELIVERED"
369,1,365,"Pride, LA 70770 USA","DELIVERED"
370,1,188,"Morning View, KY 41063 USA","DELIVERED"
371,1,188,"Morning View, KY 41063 USA","DELIVERED"
372,1,384,"Houston, TX 77063 USA","DELIVERED"
373,1,384,"Houston, TX 77063 USA","DELIVERED"
374,1,145,"Fort Lauderdale, FL 33334 USA","DELIVERED"
375,1,145,"Fort Lauderdale, FL 33334 USA","DELIVERED"
376,1,387,"Parkman, WY 82838 USA","DELIVERED"
377,1,387,"Parkman, WY 82838 USA","DELIVERED"
378,1,266,"Le Roy, KS 66857 USA","DELIVERED"
379,1,158,"Stevensville, MD 21666 USA","DELIVERED"
381,1,320,"Fayetteville, NC 28305 USA","DELIVERED"
382,1,142,"Fort Mill, SC 29707 USA","DELIVERED"
383,1,299,"Wyoming, WV 24898 USA","DELIVERED"
384,1,386,"Klondike, TX 75448 USA","DELIVERED"
386,1,135,"Lakeland, FL 33803 USA","DELIVERED"
387,1,135,"Lakeland, FL 33803 USA","DELIVERED"
388,1,162,"Uvalda, GA 30473 USA","DELIVERED"
389,1,162,"Uvalda, GA 30473 USA","DELIVERED"
390,1,272,"Brush Creek, TN 38547 USA","DELIVERED"
391,1,272,"Brush Creek, TN 38547 USA","DELIVERED"
392,1,24,"Bowdoin, ME 04287 USA","DELIVERED"
393,1,305,"Corapeake, NC 27926 USA","DELIVERED"
394,1,101,"Towanda, PA 18848 USA","DELIVERED"
395,1,101,"Towanda, PA 18848 USA","DELIVERED"
396,1,284,"Summit Point, WV 25446 USA","DELIVERED"
397,1,284,"Summit Point, WV 25446 USA","DELIVERED"
398,1,344,"Boyden, IA 51234 USA","DELIVERED"
399,1,315,"Beltsville, MD 20705 USA","DELIVERED"
400,1,159,"Belton, SC 29627 USA","DELIVERED"
401,1,25,"Bingham, ME 04920 USA","DELIVERED"
402,1,25,"Bingham, ME 04920 USA","DELIVERED"
403,1,25,"Bingham, ME 04920 USA","DELIVERED"
404,1,104,"Plainfield, PA 17081 USA","DELIVERED"
405,1,104,"Plainfield, PA 17081 USA","DELIVERED"
406,1,289,"Oakville, IN 47367 USA","DELIVERED"
407,1,38,"Newington, CT 06111 USA","DELIVERED"
408,1,347,"Shell Rock, IA 50670 USA","DELIVERED"
409,1,347,"Shell Rock, IA 50670 USA","DELIVERED"
410,1,303,"Nora, VA 24272 USA","DELIVERED"
411,1,303,"Nora, VA 24272 USA","DELIVERED"
412,1,391,"Newton, UT 84327 USA","DELIVERED"
413,1,391,"Newton, UT 84327 USA","DELIVERED"
414,1,182,"Cleveland, TN 37312 USA","DELIVERED"
415,1,182,"Cleveland, TN 37312 USA","DELIVERED"
416,1,161,"Tyler, AL 36785 USA","DELIVERED"
417,1,161,"Tyler, AL 36785 USA","DELIVERED"
418,1,161,"Tyler, AL 36785 USA","DELIVERED"
419,1,151,"Penn Laird, VA 22846 USA","DELIVERED"
420,1,219,"Maineville, OH 45039 USA","DELIVERED"
421,1,219,"Maineville, OH 45039 USA","DELIVERED"
422,1,280,"Hendersonville, NC 28739 USA","DELIVERED"
423,1,280,"Hendersonville, NC 28739 USA","DELIVERED"
424,1,355,"San Antonio, TX 78204 USA","DELIVERED"
426,1,141,"Saint Augustine, FL 32095 USA","DELIVERED"
427,1,141,"Saint Augustine, FL 32095 USA","DELIVERED"
428,1,102,"Entriken, PA 16638 USA","DELIVERED"
429,1,26,"China Village, ME 04926 USA","DELIVERED"
430,1,225,"Chatfield, OH 44825 USA","DELIVERED"
432,1,127,"East Palatka, FL 32131 USA","DELIVERED"
433,1,127,"East Palatka, FL 32131 USA","DELIVERED"
434,1,261,"Saint Louis, MO 63126 USA","DELIVERED"
435,1,15,"Buzzards Bay, MA 02542 USA","DELIVERED"
436,1,15,"Buzzards Bay, MA 02542 USA","DELIVERED"
437,1,15,"Buzzards Bay, MA 02542 USA","DELIVERED"
438,1,108,"Glen Rock, PA 17327 USA","DELIVERED"
440,1,32,"Plainfield, NJ 07060 USA","DELIVERED"
442,1,202,"Somerset, KY 42503 USA","DELIVERED"
443,1,202,"Somerset, KY 42503 USA","DELIVERED"
444,1,372,"Arkadelphia, AR 71923 USA","DELIVERED"
445,1,343,"Shelby, NC 28150 USA","DELIVERED"
446,1,343,"Shelby, NC 28150 USA","DELIVERED"
447,1,352,"Hartfield, VA 23071 USA","DELIVERED"
448,1,3,"Webster, MA 01570 USA","DELIVERED"
449,1,3,"Webster, MA 01570 USA","DELIVERED"
450,1,385,"Pueblo, CO 81001 USA","DELIVERED"
451,1,385,"Pueblo, CO 81001 USA","DELIVERED"
452,1,80,"Pittsburgh, PA 15203 USA","DELIVERED"
453,1,389,"Boone, CO 81025 USA","DELIVERED"
454,1,389,"Boone, CO 81025 USA","DELIVERED"
455,1,221,"Warnock, OH 43967 USA","DELIVERED"
456,1,365,"Pride, LA 70770 USA","DELIVERED"
457,1,53,"Spotswood, NJ 08884 USA","DELIVERED"
459,1,3,"Webster, MA 01570 USA","DELIVERED"
460,1,3,"Webster, MA 01570 USA","DELIVERED"
461,1,333,"Charles Town, WV 25414 USA","DELIVERED"
462,1,67,"Greig, NY 13345 USA","DELIVERED"
463,1,67,"Greig, NY 13345 USA","DELIVERED"
464,1,120,"Wilburton, PA 17888 USA","DELIVERED"
465,1,311,"Rustburg, VA 24588 USA","DELIVERED"
466,1,277,"Waukesha, WI 53189 USA","DELIVERED"
467,1,277,"Waukesha, WI 53189 USA","DELIVERED"
468,1,59,"Wampsville, NY 13163 USA","DELIVERED"
469,1,361,"Los Angeles, CA 90026 USA","DELIVERED"
470,1,361,"Los Angeles, CA 90026 USA","DELIVERED"
471,1,205,"Westminster, SC 29693 USA","DELIVERED"
472,1,89,"Salisbury, PA 15558 USA","DELIVERED"
473,1,279,"Hickman, TN 38567 USA","DELIVERED"
474,1,66,"Freeville, NY 13068 USA","DELIVERED"
475,1,283,"Oak Ridge, TN 37830 USA","DELIVERED"
476,1,227,"Galesville, WI 54630 USA","DELIVERED"
477,1,227,"Galesville, WI 54630 USA","DELIVERED"
478,1,268,"Mayfield, MI 49666 USA","DELIVERED"
479,1,61,"Remsenburg, NY 11960 USA","DELIVERED"
480,1,61,"Remsenburg, NY 11960 USA","DELIVERED"
481,1,183,"Paris, KY 40361 USA","DELIVERED"
482,1,139,"Huntsville, AL 35808 USA","DELIVERED"
483,1,392,"East Bernard, TX 77435 USA","DELIVERED"
484,1,287,"Blandon, PA 19510 USA","DELIVERED"
485,1,36,"Fair Haven, NJ 07704 USA","DELIVERED"
486,1,36,"Fair Haven, NJ 07704 USA","DELIVERED"
487,1,327,"Painesdale, MI 49955 USA","DELIVERED"
488,1,327,"Painesdale, MI 49955 USA","DELIVERED"
489,1,5,"East Walpole, MA 02032 USA","DELIVERED"
490,1,351,"Montgomeryville, PA 18936 USA","DELIVERED"
491,1,351,"Montgomeryville, PA 18936 USA","DELIVERED"
492,1,87,"Ashville, NY 14710 USA","DELIVERED"
493,1,87,"Ashville, NY 14710 USA","DELIVERED"
494,1,242,"Union Furnace, OH 43158 USA","DELIVERED"
496,1,242,"Union Furnace, OH 43158 USA","DELIVERED"
497,1,148,"Tampa, FL 33604 USA","DELIVERED"
499,1,241,"Amanda, OH 43102 USA","DELIVERED"
500,1,347,"Shell Rock, IA 50670 USA","DELIVERED"
501,1,347,"Shell Rock, IA 50670 USA","DELIVERED"
502,1,178,"Clarksdale, MO 64430 USA","DELIVERED"
504,1,257,"Neon, KY 41840 USA","DELIVERED"
505,1,257,"Neon, KY 41840 USA","DELIVERED"
506,1,35,"Norwood, NJ 07648 USA","DELIVERED"
507,1,35,"Norwood, NJ 07648 USA","DELIVERED"
508,1,257,"Neon, KY 41840 USA","DELIVERED"
509,1,257,"Neon, KY 41840 USA","DELIVERED"
510,1,277,"Waukesha, WI 53189 USA","DELIVERED"
511,1,193,"Nashville, TN 37220 USA","DELIVERED"
512,1,193,"Nashville, TN 37220 USA","DELIVERED"
513,1,311,"Rustburg, VA 24588 USA","DELIVERED"
514,1,354,"Stockdale, TX 78160 USA","DELIVERED"
515,1,41,"South Pomfret, VT 05067 USA","DELIVERED"
516,1,58,"Inwood, NY 11096 USA","DELIVERED"
517,1,14,"Hathorne, MA 01937 USA","DELIVERED"
518,1,28,"Edgewater, NJ 07020 USA","DELIVERED"
519,1,309,"Saint Francis, WI 53235 USA","DELIVERED"
520,1,102,"Entriken, PA 16638 USA","DELIVERED"
521,1,77,"Lily Dale, NY 14752 USA","DELIVERED"
522,1,48,"Camden, NJ 08105 USA","DELIVERED"
524,1,181,"Cleveland, TN 37311 USA","DELIVERED"
525,1,181,"Cleveland, TN 37311 USA","DELIVERED"
526,1,147,"Ardmore, AL 35739 USA","DELIVERED"
527,1,147,"Ardmore, AL 35739 USA","DELIVERED"
528,1,223,"Dayton, OH 45432 USA","DELIVERED"
529,1,203,"Midnight, MS 39115 USA","DELIVERED"
530,1,203,"Midnight, MS 39115 USA","DELIVERED"
531,1,367,"Walker, LA 70785 USA","DELIVERED"
532,1,49,"Rio Grande, NJ 08242 USA","DELIVERED"
533,1,323,"Calumet, MI 49913 USA","DELIVERED"
534,1,31,"Wardsboro, VT 05355 USA","DELIVERED"
535,1,31,"Wardsboro, VT 05355 USA","DELIVERED"
536,1,31,"Wardsboro, VT 05355 USA","DELIVERED"
537,1,350,"Walford, IA 52351 USA","DELIVERED"
538,1,350,"Walford, IA 52351 USA","DELIVERED"
539,1,40,"Thorndike, ME 04986 USA","DELIVERED"
540,1,40,"Thorndike, ME 04986 USA","DELIVERED"
541,1,166,"Youngstown, OH 44506 USA","DELIVERED"
542,1,45,"Jobstown, NJ 08041 USA","DELIVERED"
543,1,45,"Jobstown, NJ 08041 USA","DELIVERED"
544,1,392,"East Bernard, TX 77435 USA","DELIVERED"
545,1,361,"Los Angeles, CA 90026 USA","DELIVERED"
546,1,361,"Los Angeles, CA 90026 USA","DELIVERED"
547,1,360,"Gladstone, NM 88422 USA","DELIVERED"
548,1,291,"Chantilly, VA 20151 USA","DELIVERED"
549,1,291,"Chantilly, VA 20151 USA","DELIVERED"
550,1,341,"Ellenboro, NC 28040 USA","DELIVERED"
552,1,116,"Dewart, PA 17730 USA","DELIVERED"
553,1,169,"Willisburg, KY 40078 USA","DELIVERED"
554,1,169,"Willisburg, KY 40078 USA","DELIVERED"
555,1,324,"Russellville, IN 46175 USA","DELIVERED"
556,1,78,"Mayville, NY 14757 USA","DELIVERED"
557,1,78,"Mayville, NY 14757 USA","DELIVERED"
558,1,142,"Fort Mill, SC 29707 USA","DELIVERED"
559,1,204,"Taylors, SC 29687 USA","DELIVERED"
560,1,204,"Taylors, SC 29687 USA","DELIVERED"
561,1,150,"Dora, AL 35062 USA","DELIVERED"
562,1,150,"Dora, AL 35062 USA","DELIVERED"
563,1,368,"Eagletown, OK 74734 USA","DELIVERED"
565,1,149,"Wildwood, FL 34785 USA","DELIVERED"
566,1,271,"Allons, TN 38541 USA","DELIVERED"
567,1,271,"Allons, TN 38541 USA","DELIVERED"
568,1,239,"Deadwood, SD 57732 USA","DELIVERED"
569,1,239,"Deadwood, SD 57732 USA","DELIVERED"
570,1,234,"Rhodes, IA 50234 USA","DELIVERED"
571,1,234,"Rhodes, IA 50234 USA","DELIVERED"
572,1,216,"Cincinnati, OH 45255 USA","DELIVERED"
573,1,375,"Chebanse, IL 60922 USA","DELIVERED"
574,1,375,"Chebanse, IL 60922 USA","DELIVERED"
575,1,191,"Culbertson, NE 69024 USA","DELIVERED"
576,1,191,"Culbertson, NE 69024 USA","DELIVERED"
577,1,125,"Fort Lauderdale, FL 33314 USA","DELIVERED"
578,1,341,"Ellenboro, NC 28040 USA","DELIVERED"
579,1,341,"Ellenboro, NC 28040 USA","DELIVERED"
580,1,152,"Lakeshore, FL 33854 USA","DELIVERED"
581,1,152,"Lakeshore, FL 33854 USA","DELIVERED"
582,1,152,"Lakeshore, FL 33854 USA","DELIVERED"
583,1,186,"Waterford, MI 48327 USA","DELIVERED"
584,1,186,"Waterford, MI 48327 USA","DELIVERED"
585,1,371,"Buffalo Gap, TX 79508 USA","DELIVERED"
586,1,371,"Buffalo Gap, TX 79508 USA","SHIPPED"
587,1,62,"Fonda, NY 12068 USA","DELIVERED"
588,1,62,"Fonda, NY 12068 USA","DELIVERED"
589,1,178,"Clarksdale, MO 64430 USA","DELIVERED"
591,1,340,"Miles, IA 52064 USA","DELIVERED"
592,1,340,"Miles, IA 52064 USA","DELIVERED"
593,1,16,"Hampton, NH 03842 USA","DELIVERED"
594,1,141,"Saint Augustine, FL 32095 USA","DELIVERED"
596,1,141,"Saint Augustine, FL 32095 USA","DELIVERED"
598,1,374,"Zap, ND 58580 USA","DELIVERED"
599,1,392,"East Bernard, TX 77435 USA","DELIVERED"
600,1,392,"East Bernard, TX 77435 USA","DELIVERED"
601,1,257,"Neon, KY 41840 USA","DELIVERED"
602,1,31,"Wardsboro, VT 05355 USA","DELIVERED"
603,1,266,"Le Roy, KS 66857 USA","DELIVERED"
604,1,100,"Springville, PA 18844 USA","DELIVERED"
605,1,100,"Springville, PA 18844 USA","DELIVERED"
606,1,228,"Capac, MI 48014 USA","DELIVERED"
607,1,292,"Charlotte Court House, VA 23923 USA","DELIVERED"
608,1,63,"Keasbey, NJ 08832 USA","DELIVERED"
609,1,63,"Keasbey, NJ 08832 USA","DELIVERED"
610,1,149,"Wildwood, FL 34785 USA","DELIVERED"
611,1,115,"Newfoundland, PA 18445 USA","DELIVERED"
612,1,173,"Oxford, MS 38655 USA","DELIVERED"
613,1,297,"Sac City, IA 50583 USA","DELIVERED"
614,1,111,"Masontown, PA 15461 USA","DELIVERED"
615,1,364,"Jarreau, LA 70749 USA","DELIVERED"
617,1,122,"Hampton, SC 29924 USA","DELIVERED"
618,1,364,"Jarreau, LA 70749 USA","DELIVERED"
619,1,325,"Corunna, IN 46730 USA","DELIVERED"
620,1,226,"Rutland, OH 45775 USA","DELIVERED"
621,1,226,"Rutland, OH 45775 USA","DELIVERED"
622,1,33,"Essex, CT 06426 USA","DELIVERED"
624,1,186,"Waterford, MI 48327 USA","DELIVERED"
625,1,131,"Cumming, GA 30041 USA","DELIVERED"
626,1,196,"Smiths Creek, MI 48074 USA","DELIVERED"
1716,1,49,"Rio Grande, NJ 08242 USA","DELIVERED"
1717,1,49,"Rio Grande, NJ 08242 USA","DELIVERED"
1718,1,114,"Milanville, PA 18443 USA","DELIVERED"
1719,1,16,"Hampton, NH 03842 USA","DELIVERED"
1720,1,6,"Medfield, MA 02052 USA","DELIVERED"
1721,1,58,"Inwood, NY 11096 USA","DELIVERED"
1722,1,4,"Springfield, MA 01105 USA","DELIVERED"
1723,1,4,"Springfield, MA 01105 USA","DELIVERED"
1724,1,196,"Smiths Creek, MI 48074 USA","DELIVERED"
1725,1,386,"Klondike, TX 75448 USA","DELIVERED"
1727,1,207,"Brighton, MI 48114 USA","DELIVERED"
1728,1,288,"Pocahontas, VA 24635 USA","DELIVERED"
1729,1,288,"Pocahontas, VA 24635 USA","DELIVERED"
1730,1,277,"Waukesha, WI 53189 USA","DELIVERED"
1731,1,262,"Chattanooga, TN 37412 USA","DELIVERED"
1732,1,4,"Springfield, MA 01105 USA","DELIVERED"
1733,1,26,"China Village, ME 04926 USA","DELIVERED"
1734,1,26,"China Village, ME 04926 USA","DELIVERED"
1735,1,202,"Somerset, KY 42503 USA","DELIVERED"
1737,1,30,"Stamford, VT 05352 USA","DELIVERED"
1738,1,329,"Portland, IN 47371 USA","DELIVERED"
1739,1,191,"Culbertson, NE 69024 USA","DELIVERED"
1740,1,191,"Culbertson, NE 69024 USA","DELIVERED"
1741,1,299,"Wyoming, WV 24898 USA","DELIVERED"
1742,1,175,"Duncan, MS 38740 USA","DELIVERED"
1743,1,175,"Duncan, MS 38740 USA","DELIVERED"
1744,1,171,"Irvington, KY 40146 USA","DELIVERED"
1745,1,157,"Ashland City, TN 37015 USA","DELIVERED"
1747,1,26,"China Village, ME 04926 USA","DELIVERED"
1748,1,130,"Sumterville, FL 33585 USA","DELIVERED"
1751,1,349,"Dorchester, IA 52140 USA","DELIVERED"
1753,1,372,"Arkadelphia, AR 71923 USA","DELIVERED"
1754,1,253,"Porcupine, SD 57772 USA","DELIVERED"
1755,1,253,"Porcupine, SD 57772 USA","DELIVERED"
1756,1,199,"Meally, KY 41234 USA","DELIVERED"
1758,1,233,"Ovid, MI 48866 USA","DELIVERED"
1759,1,138,"Huntsville, AL 35805 USA","DELIVERED"
1760,1,138,"Huntsville, AL 35805 USA","DELIVERED"
1761,1,136,"Lakeland, FL 33810 USA","DELIVERED"
1762,1,227,"Galesville, WI 54630 USA","DELIVERED"
1763,1,163,"Statesville, NC 28677 USA","DELIVERED"
1764,1,166,"Youngstown, OH 44506 USA","DELIVERED"
1765,1,166,"Youngstown, OH 44506 USA","DELIVERED"
1766,1,166,"Youngstown, OH 44506 USA","DELIVERED"
1767,1,238,"Manchester, KY 40962 USA","DELIVERED"
1768,1,238,"Manchester, KY 40962 USA","DELIVERED"
1769,1,20,"Fairfield, VT 05455 USA","DELIVERED"
1770,1,20,"Fairfield, VT 05455 USA","DELIVERED"
1771,1,20,"Fairfield, VT 05455 USA","DELIVERED"
1772,1,229,"Mayfield, KS 67103 USA","DELIVERED"
1773,1,230,"Gatlinburg, TN 37738 USA","DELIVERED"
1774,1,362,"Industry, TX 78944 USA","DELIVERED"
1775,1,362,"Industry, TX 78944 USA","DELIVERED"
1776,1,237,"Loyall, KY 40854 USA","DELIVERED"
1777,1,237,"Loyall, KY 40854 USA","DELIVERED"
1778,1,131,"Cumming, GA 30041 USA","DELIVERED"
1779,1,202,"Somerset, KY 42503 USA","DELIVERED"
1780,1,3,"Webster, MA 01570 USA","DELIVERED"
1781,1,3,"Webster, MA 01570 USA","DELIVERED"
1782,1,147,"Ardmore, AL 35739 USA","DELIVERED"
1783,1,86,"Anita, PA 15711 USA","DELIVERED"
1784,1,26,"China Village, ME 04926 USA","DELIVERED"
1785,1,10,"Piermont, NH 03779 USA","DELIVERED"
1786,1,10,"Piermont, NH 03779 USA","DELIVERED"
1787,1,231,"North Star, OH 45350 USA","DELIVERED"
1788,1,231,"North Star, OH 45350 USA","DELIVERED"
1789,1,214,"Paulding, MS 39348 USA","DELIVERED"
1790,1,295,"Summitville, IN 46070 USA","DELIVERED"
1792,1,91,"Tyrone, PA 16686 USA","DELIVERED"
1793,1,91,"Tyrone, PA 16686 USA","DELIVERED"
1794,1,65,"Highland Lake, NY 12743 USA","DELIVERED"
1796,1,273,"Cordova, TN 38016 USA","DELIVERED"
1797,1,273,"Cordova, TN 38016 USA","DELIVERED"
1798,1,354,"Stockdale, TX 78160 USA","DELIVERED"
1799,1,257,"Neon, KY 41840 USA","DELIVERED"
1800,1,8,"Boston, MA 02116 USA","DELIVERED"
1801,1,8,"Boston, MA 02116 USA","DELIVERED"
1802,1,359,"Littleton, CO 80123 USA","DELIVERED"
1803,1,43,"Allentown, NJ 08501 USA","DELIVERED"
1804,1,388,"Occidental, CA 95465 USA","DELIVERED"
1805,1,19,"West Harwich, MA 02671 USA","DELIVERED"
1806,1,361,"Los Angeles, CA 90026 USA","DELIVERED"
1807,1,361,"Los Angeles, CA 90026 USA","DELIVERED"
1808,1,44,"Belle Mead, NJ 08502 USA","DELIVERED"
1809,1,44,"Belle Mead, NJ 08502 USA","DELIVERED"
1810,1,14,"Hathorne, MA 01937 USA","DELIVERED"
1811,1,385,"Pueblo, CO 81001 USA","DELIVERED"
1812,1,302,"North Vernon, IN 47265 USA","DELIVERED"
1813,1,270,"Mackinaw City, MI 49701 USA","DELIVERED"
1814,1,270,"Mackinaw City, MI 49701 USA","DELIVERED"
1815,1,270,"Mackinaw City, MI 49701 USA","DELIVERED"
1816,1,236,"Kalamazoo, MI 49006 USA","DELIVERED"
1817,1,236,"Kalamazoo, MI 49006 USA","DELIVERED"
1818,1,296,"Tipton, IA 52772 USA","DELIVERED"
1819,1,102,"Entriken, PA 16638 USA","DELIVERED"
1820,1,102,"Entriken, PA 16638 USA","DELIVERED"
1822,1,360,"Gladstone, NM 88422 USA","DELIVERED"
1824,1,62,"Fonda, NY 12068 USA","DELIVERED"
1825,1,62,"Fonda, NY 12068 USA","DELIVERED"
1826,1,208,"Midvale, OH 44653 USA","DELIVERED"
1828,1,218,"Laurel, IA 50141 USA","DELIVERED"
1829,1,184,"Glendale, SC 29346 USA","DELIVERED"
1830,1,301,"Medora, IN 47260 USA","DELIVERED"
1831,1,58,"Inwood, NY 11096 USA","DELIVERED"
1833,1,361,"Los Angeles, CA 90026 USA","DELIVERED"
1834,1,361,"Los Angeles, CA 90026 USA","DELIVERED"
1836,1,121,"Tower City, PA 17980 USA","DELIVERED"
1837,1,139,"Huntsville, AL 35808 USA","DELIVERED"
1838,1,56,"Melville, NY 11747 USA","DELIVERED"
1839,1,148,"Tampa, FL 33604 USA","DELIVERED"
1840,1,148,"Tampa, FL 33604 USA","DELIVERED"
1841,1,148,"Tampa, FL 33604 USA","DELIVERED"
1842,1,276,"Chattanooga, TN 37419 USA","DELIVERED"
1843,1,276,"Chattanooga, TN 37419 USA","DELIVERED"
1844,1,83,"Bergen, NY 14416 USA","DELIVERED"
1845,1,83,"Bergen, NY 14416 USA","DELIVERED"
1846,1,179,"Louisville, KY 40280 USA","DELIVERED"
1847,1,205,"Westminster, SC 29693 USA","DELIVERED"
1848,1,347,"Shell Rock, IA 50670 USA","CREATED"
1849,1,30,"Stamford, VT 05352 USA","DELIVERED"
1850,1,317,"Charlotte, NC 28227 USA","DELIVERED"
1852,1,212,"Decatur, MS 39327 USA","DELIVERED"
1853,1,166,"Youngstown, OH 44506 USA","DELIVERED"
1854,1,28,"Edgewater, NJ 07020 USA","DELIVERED"
1855,1,28,"Edgewater, NJ 07020 USA","DELIVERED"
1856,1,306,"Spanishburg, WV 25922 USA","DELIVERED"
1857,1,226,"Rutland, OH 45775 USA","DELIVERED"
1858,1,128,"Warwick, GA 31796 USA","DELIVERED"
1859,1,82,"Buffalo, NY 14210 USA","DELIVERED"
1860,1,382,"Montegut, LA 70377 USA","DELIVERED"
1861,1,382,"Montegut, LA 70377 USA","DELIVERED"
1862,1,228,"Capac, MI 48014 USA","DELIVERED"
1863,1,228,"Capac, MI 48014 USA","DELIVERED"
1864,1,27,"Cornish, ME 04020 USA","DELIVERED"
1865,1,47,"Torrington, CT 06790 USA","DELIVERED"
1866,1,59,"Wampsville, NY 13163 USA","DELIVERED"
1867,1,320,"Fayetteville, NC 28305 USA","DELIVERED"
1868,1,163,"Statesville, NC 28677 USA","DELIVERED"
1869,1,152,"Lakeshore, FL 33854 USA","DELIVERED"
1870,1,275,"Kansas City, MO 64110 USA","DELIVERED"
1873,1,278,"Oolitic, IN 47451 USA","DELIVERED"
1874,1,348,"Afton, IA 50830 USA","DELIVERED"
1875,1,348,"Afton, IA 50830 USA","DELIVERED"
1876,1,366,"Rosedale, LA 70772 USA","DELIVERED"
1877,1,366,"Rosedale, LA 70772 USA","DELIVERED"
1878,1,12,"West Kingston, RI 02892 USA","DELIVERED"
1879,1,72,"Hopewell Junction, NY 12533 USA","DELIVERED"
1880,1,296,"Tipton, IA 52772 USA","DELIVERED"
1881,1,205,"Westminster, SC 29693 USA","DELIVERED"
1882,1,217,"Sheldon, MO 64784 USA","DELIVERED"
1883,1,217,"Sheldon, MO 64784 USA","DELIVERED"
1884,1,301,"Medora, IN 47260 USA","DELIVERED"
1885,1,301,"Medora, IN 47260 USA","DELIVERED"
1886,1,312,"Chaptico, MD 20621 USA","DELIVERED"
1887,1,312,"Chaptico, MD 20621 USA","DELIVERED"
1888,1,319,"Rockville, IN 47872 USA","DELIVERED"
1889,1,92,"Nanty Glo, PA 15943 USA","DELIVERED"
1890,1,359,"Littleton, CO 80123 USA","DELIVERED"
1891,1,359,"Littleton, CO 80123 USA","DELIVERED"
1892,1,270,"Mackinaw City, MI 49701 USA","DELIVERED"
1893,1,270,"Mackinaw City, MI 49701 USA","DELIVERED"
1894,1,170,"Garfield, KY 40140 USA","DELIVERED"
1895,1,77,"Lily Dale, NY 14752 USA","DELIVERED"
1896,1,293,"Duffield, VA 24244 USA","DELIVERED"
1897,1,231,"North Star, OH 45350 USA","DELIVERED"
1898,1,75,"Conklin, NY 13748 USA","DELIVERED"
1899,1,75,"Conklin, NY 13748 USA","DELIVERED"
1901,1,390,"Pritchett, CO 81064 USA","DELIVERED"
1902,1,366,"Rosedale, LA 70772 USA","DELIVERED"
1903,1,366,"Rosedale, LA 70772 USA","DELIVERED"
1904,1,179,"Louisville, KY 40280 USA","DELIVERED"
1905,1,179,"Louisville, KY 40280 USA","DELIVERED"
1906,1,70,"Shandaken, NY 12480 USA","DELIVERED"
1907,1,287,"Blandon, PA 19510 USA","DELIVERED"
1909,1,280,"Hendersonville, NC 28739 USA","DELIVERED"
1910,1,243,"Columbus, OH 43209 USA","DELIVERED"
1912,1,330,"Massey, MD 21650 USA","DELIVERED"
1913,1,330,"Massey, MD 21650 USA","DELIVERED"
1914,1,179,"Louisville, KY 40280 USA","DELIVERED"
1915,1,179,"Louisville, KY 40280 USA","DELIVERED"
1916,1,86,"Anita, PA 15711 USA","DELIVERED"
1917,1,370,"Westcliffe, CO 81252 USA","DELIVERED"
1918,1,370,"Westcliffe, CO 81252 USA","DELIVERED"
1919,1,157,"Ashland City, TN 37015 USA","DELIVERED"
1920,1,149,"Wildwood, FL 34785 USA","DELIVERED"
1921,1,71,"Copake Falls, NY 12517 USA","DELIVERED"
1923,1,228,"Capac, MI 48014 USA","DELIVERED"
1924,1,228,"Capac, MI 48014 USA","DELIVERED"
1925,1,355,"San Antonio, TX 78204 USA","DELIVERED"
1926,1,244,"Brandon, MS 39047 USA","DELIVERED"
1927,1,177,"Dawson, ND 58428 USA","IN-TRANSIT"
1928,1,257,"Neon, KY 41840 USA","IN-TRANSIT"
1929,1,140,"Orlando, FL 32811 USA","IN-TRANSIT"
1930,1,140,"Orlando, FL 32811 USA","IN-TRANSIT"
1931,1,321,"Baltimore, MD 21223 USA","IN-TRANSIT"
1932,1,321,"Baltimore, MD 21223 USA","IN-TRANSIT"
1933,1,386,"Klondike, TX 75448 USA","IN-TRANSIT"
1934,1,386,"Klondike, TX 75448 USA","IN-TRANSIT"
1935,1,220,"Maple Heights, OH 44137 USA","IN-TRANSIT"
1936,1,220,"Maple Heights, OH 44137 USA","IN-TRANSIT"
1937,1,282,"Velpen, IN 47590 USA","IN-TRANSIT"
1938,1,282,"Velpen, IN 47590 USA","IN-TRANSIT"
1940,1,180,"Blue Springs, MS 38828 USA","IN-TRANSIT"
1941,1,180,"Blue Springs, MS 38828 USA","IN-TRANSIT"
1942,1,362,"Industry, TX 78944 USA","IN-TRANSIT"
1943,1,362,"Industry, TX 78944 USA","IN-TRANSIT"
1944,1,241,"Amanda, OH 43102 USA","IN-TRANSIT"
1945,1,157,"Ashland City, TN 37015 USA","IN-TRANSIT"
1946,1,157,"Ashland City, TN 37015 USA","IN-TRANSIT"
1947,1,157,"Ashland City, TN 37015 USA","IN-TRANSIT"
1948,1,238,"Manchester, KY 40962 USA","IN-TRANSIT"
1949,1,238,"Manchester, KY 40962 USA","IN-TRANSIT"
1950,1,141,"Saint Augustine, FL 32095 USA","IN-TRANSIT"
1951,1,239,"Deadwood, SD 57732 USA","IN-TRANSIT"
1952,1,239,"Deadwood, SD 57732 USA","IN-TRANSIT"
1953,1,239,"Deadwood, SD 57732 USA","IN-TRANSIT"
1954,1,234,"Rhodes, IA 50234 USA","IN-TRANSIT"
1955,1,376,"Pecos, NM 87552 USA","IN-TRANSIT"
1956,1,376,"Pecos, NM 87552 USA","IN-TRANSIT"
1957,1,340,"Miles, IA 52064 USA","IN-TRANSIT"
1958,1,142,"Fort Mill, SC 29707 USA","IN-TRANSIT"
1959,1,364,"Jarreau, LA 70749 USA","IN-TRANSIT"
1960,1,364,"Jarreau, LA 70749 USA","IN-TRANSIT"
1961,1,364,"Jarreau, LA 70749 USA","IN-TRANSIT"
1962,1,346,"Greensburg, IN 47240 USA","IN-TRANSIT"
1964,1,176,"Inverness, MS 38753 USA","IN-TRANSIT"
1965,1,254,"Granite City, IL 62040 USA","IN-TRANSIT"
1966,1,259,"Forest, MS 39074 USA","IN-TRANSIT"
1967,1,259,"Forest, MS 39074 USA","IN-TRANSIT"
1968,1,278,"Oolitic, IN 47451 USA","IN-TRANSIT"
1969,1,278,"Oolitic, IN 47451 USA","IN-TRANSIT"
1970,1,267,"Kingsley, MI 49649 USA","IN-TRANSIT"
1971,1,317,"Charlotte, NC 28227 USA","IN-TRANSIT"
1972,1,317,"Charlotte, NC 28227 USA","IN-TRANSIT"
1973,1,308,"Washington, DC 20427 USA","IN-TRANSIT"
1974,1,308,"Washington, DC 20427 USA","IN-TRANSIT"
1976,1,340,"Miles, IA 52064 USA","IN-TRANSIT"
1978,1,364,"Jarreau, LA 70749 USA","IN-TRANSIT"
1979,1,341,"Ellenboro, NC 28040 USA","IN-TRANSIT"
1980,1,271,"Allons, TN 38541 USA","IN-TRANSIT"
1981,1,271,"Allons, TN 38541 USA","IN-TRANSIT"
1982,1,286,"Stockton, MD 21864 USA","IN-TRANSIT"
1983,1,286,"Stockton, MD 21864 USA","IN-TRANSIT"
1984,1,246,"Spring Valley, WI 54767 USA","IN-TRANSIT"
1985,1,300,"Aredale, IA 50605 USA","IN-TRANSIT"
1986,1,386,"Klondike, TX 75448 USA","IN-TRANSIT"
1987,1,284,"Summit Point, WV 25446 USA","IN-TRANSIT"
1989,1,359,"Littleton, CO 80123 USA","IN-TRANSIT"
1990,1,344,"Boyden, IA 51234 USA","IN-TRANSIT"
1991,1,344,"Boyden, IA 51234 USA","IN-TRANSIT"
1992,1,283,"Oak Ridge, TN 37830 USA","SHIPPED"
1993,1,283,"Oak Ridge, TN 37830 USA","SHIPPED"
1994,1,283,"Oak Ridge, TN 37830 USA","SHIPPED"
1995,1,256,"Ashley, OH 43003 USA","SHIPPED"
1996,1,256,"Ashley, OH 43003 USA","SHIPPED"
1997,1,242,"Union Furnace, OH 43158 USA","SHIPPED"
1998,1,242,"Union Furnace, OH 43158 USA","SHIPPED"
1999,1,359,"Littleton, CO 80123 USA","SHIPPED"
2000,1,296,"Tipton, IA 52772 USA","SHIPPED"
2002,1,267,"Kingsley, MI 49649 USA","SHIPPED"
2003,1,258,"Mc Lain, MS 39456 USA","SHIPPED"
2004,1,258,"Mc Lain, MS 39456 USA","SHIPPED"
2005,1,266,"Le Roy, KS 66857 USA","SHIPPED"
2006,1,326,"Lanse, MI 49946 USA","SHIPPED"
2007,1,277,"Waukesha, WI 53189 USA","SHIPPED"
2008,1,357,"Thrall, TX 76578 USA","SHIPPED"
2009,1,292,"Charlotte Court House, VA 23923 USA","SHIPPED"
2010,1,365,"Pride, LA 70770 USA","SHIPPED"
2011,1,375,"Chebanse, IL 60922 USA","SHIPPED"
2013,1,266,"Le Roy, KS 66857 USA","SHIPPED"
2014,1,318,"Burnett, WI 53922 USA","SHIPPED"
2015,1,318,"Burnett, WI 53922 USA","SHIPPED"
2016,1,351,"Montgomeryville, PA 18936 USA","SHIPPED"
2018,1,371,"Buffalo Gap, TX 79508 USA","SHIPPED"
2019,1,332,"Charleston, WV 25304 USA","SHIPPED"
2020,1,339,"Salix, IA 51052 USA","CREATED"
2021,1,347,"Shell Rock, IA 50670 USA","CREATED"
2022,1,309,"Saint Francis, WI 53235 USA","CREATED"
2023,1,309,"Saint Francis, WI 53235 USA","CREATED"
2024,1,345,"Loudonville, OH 44842 USA","CREATED"
2025,1,354,"Stockdale, TX 78160 USA","CREATED"
2026,1,354,"Stockdale, TX 78160 USA","CREATED"
781,1,72,"Hopewell Junction, NY 12533 USA","DELIVERED"
782,1,140,"Orlando, FL 32811 USA","DELIVERED"
783,1,140,"Orlando, FL 32811 USA","DELIVERED"
784,1,313,"Heiskell, TN 37754 USA","DELIVERED"
785,1,190,"Plainfield, OH 43836 USA","DELIVERED"
786,1,35,"Norwood, NJ 07648 USA","DELIVERED"
787,1,93,"Boyers, PA 16020 USA","DELIVERED"
788,1,93,"Boyers, PA 16020 USA","DELIVERED"
789,1,105,"Richfield, PA 17086 USA","DELIVERED"
790,1,105,"Richfield, PA 17086 USA","DELIVERED"
791,1,143,"Ruby, SC 29741 USA","DELIVERED"
792,1,143,"Ruby, SC 29741 USA","DELIVERED"
794,1,221,"Warnock, OH 43967 USA","DELIVERED"
795,1,38,"Newington, CT 06111 USA","DELIVERED"
796,1,235,"Lansing, MI 48933 USA","DELIVERED"
797,1,38,"Newington, CT 06111 USA","DELIVERED"
798,1,87,"Ashville, NY 14710 USA","DELIVERED"
799,1,87,"Ashville, NY 14710 USA","DELIVERED"
800,1,213,"Hickory, MS 39332 USA","DELIVERED"
801,1,213,"Hickory, MS 39332 USA","DELIVERED"
802,1,30,"Stamford, VT 05352 USA","DELIVERED"
803,1,385,"Pueblo, CO 81001 USA","DELIVERED"
804,1,385,"Pueblo, CO 81001 USA","DELIVERED"
805,1,317,"Charlotte, NC 28227 USA","DELIVERED"
806,1,391,"Newton, UT 84327 USA","DELIVERED"
807,1,97,"Mifflinville, PA 18631 USA","DELIVERED"
808,1,97,"Mifflinville, PA 18631 USA","DELIVERED"
809,1,291,"Chantilly, VA 20151 USA","DELIVERED"
810,1,291,"Chantilly, VA 20151 USA","DELIVERED"
812,1,273,"Cordova, TN 38016 USA","DELIVERED"
813,1,368,"Eagletown, OK 74734 USA","DELIVERED"
814,1,368,"Eagletown, OK 74734 USA","DELIVERED"
815,1,41,"South Pomfret, VT 05067 USA","DELIVERED"
816,1,101,"Towanda, PA 18848 USA","DELIVERED"
817,1,118,"Roaring Branch, PA 17765 USA","DELIVERED"
818,1,118,"Roaring Branch, PA 17765 USA","DELIVERED"
820,1,65,"Highland Lake, NY 12743 USA","DELIVERED"
821,1,65,"Highland Lake, NY 12743 USA","DELIVERED"
822,1,218,"Laurel, IA 50141 USA","DELIVERED"
823,1,218,"Laurel, IA 50141 USA","DELIVERED"
824,1,218,"Laurel, IA 50141 USA","DELIVERED"
825,1,235,"Lansing, MI 48933 USA","DELIVERED"
826,1,41,"South Pomfret, VT 05067 USA","DELIVERED"
827,1,215,"Cincinnati, OH 45237 USA","DELIVERED"
828,1,205,"Westminster, SC 29693 USA","DELIVERED"
829,1,205,"Westminster, SC 29693 USA","DELIVERED"
830,1,4,"Springfield, MA 01105 USA","DELIVERED"
831,1,4,"Springfield, MA 01105 USA","DELIVERED"
832,1,131,"Cumming, GA 30041 USA","DELIVERED"
833,1,82,"Buffalo, NY 14210 USA","DELIVERED"
834,1,82,"Buffalo, NY 14210 USA","DELIVERED"
835,1,110,"Lemont Furnace, PA 15456 USA","DELIVERED"
836,1,284,"Summit Point, WV 25446 USA","DELIVERED"
837,1,60,"Accord, NY 12404 USA","DELIVERED"
838,1,123,"Hilton Head Island, SC 29928 USA","DELIVERED"
839,1,152,"Lakeshore, FL 33854 USA","DELIVERED"
840,1,152,"Lakeshore, FL 33854 USA","DELIVERED"
841,1,358,"Byers, CO 80103 USA","DELIVERED"
842,1,378,"Big Horn, WY 82833 USA","DELIVERED"
843,1,269,"Rapid City, MI 49676 USA","DELIVERED"
844,1,203,"Midnight, MS 39115 USA","DELIVERED"
845,1,203,"Midnight, MS 39115 USA","DELIVERED"
846,1,43,"Allentown, NJ 08501 USA","DELIVERED"
847,1,24,"Bowdoin, ME 04287 USA","DELIVERED"
848,1,260,"Canton, OH 44708 USA","DELIVERED"
849,1,346,"Greensburg, IN 47240 USA","DELIVERED"
850,1,346,"Greensburg, IN 47240 USA","DELIVERED"
851,1,314,"Luttrell, TN 37779 USA","DELIVERED"
852,1,314,"Luttrell, TN 37779 USA","DELIVERED"
853,1,28,"Edgewater, NJ 07020 USA","DELIVERED"
854,1,377,"Los Angeles, CA 90036 USA","DELIVERED"
855,1,377,"Los Angeles, CA 90036 USA","DELIVERED"
856,1,3,"Webster, MA 01570 USA","DELIVERED"
858,1,187,"Spruce, MI 48762 USA","DELIVERED"
859,1,383,"Iowa Falls, IA 50126 USA","DELIVERED"
860,1,274,"Memphis, TN 38104 USA","DELIVERED"
861,1,369,"Espanola, NM 87532 USA","DELIVERED"
862,1,384,"Houston, TX 77063 USA","DELIVERED"
863,1,384,"Houston, TX 77063 USA","DELIVERED"
864,1,338,"Falls Church, VA 22043 USA","DELIVERED"
865,1,318,"Burnett, WI 53922 USA","DELIVERED"
866,1,113,"Naples, FL 34108 USA","DELIVERED"
867,1,113,"Naples, FL 34108 USA","DELIVERED"
868,1,115,"Newfoundland, PA 18445 USA","DELIVERED"
869,1,126,"Boca Raton, FL 33433 USA","DELIVERED"
870,1,126,"Boca Raton, FL 33433 USA","DELIVERED"
871,1,357,"Thrall, TX 76578 USA","DELIVERED"
872,1,154,"Montverde, FL 34756 USA","DELIVERED"
873,1,154,"Montverde, FL 34756 USA","DELIVERED"
874,1,198,"Sandy Hook, KY 41171 USA","DELIVERED"
875,1,120,"Wilburton, PA 17888 USA","DELIVERED"
877,1,120,"Wilburton, PA 17888 USA","DELIVERED"
878,1,225,"Chatfield, OH 44825 USA","DELIVERED"
879,1,225,"Chatfield, OH 44825 USA","DELIVERED"
880,1,242,"Union Furnace, OH 43158 USA","DELIVERED"
881,1,242,"Union Furnace, OH 43158 USA","DELIVERED"
882,1,305,"Corapeake, NC 27926 USA","DELIVERED"
883,1,305,"Corapeake, NC 27926 USA","DELIVERED"
884,1,98,"West Hickory, PA 16370 USA","DELIVERED"
885,1,98,"West Hickory, PA 16370 USA","DELIVERED"
886,1,227,"Galesville, WI 54630 USA","DELIVERED"
887,1,227,"Galesville, WI 54630 USA","DELIVERED"
888,1,185,"Dayton, TN 37321 USA","DELIVERED"
889,1,185,"Dayton, TN 37321 USA","DELIVERED"
890,1,24,"Bowdoin, ME 04287 USA","DELIVERED"
891,1,24,"Bowdoin, ME 04287 USA","DELIVERED"
892,1,341,"Ellenboro, NC 28040 USA","DELIVERED"
893,1,287,"Blandon, PA 19510 USA","DELIVERED"
894,1,188,"Morning View, KY 41063 USA","DELIVERED"
895,1,188,"Morning View, KY 41063 USA","DELIVERED"
896,1,35,"Norwood, NJ 07648 USA","DELIVERED"
897,1,35,"Norwood, NJ 07648 USA","DELIVERED"
898,1,364,"Jarreau, LA 70749 USA","DELIVERED"
899,1,364,"Jarreau, LA 70749 USA","DELIVERED"
900,1,357,"Thrall, TX 76578 USA","DELIVERED"
901,1,166,"Youngstown, OH 44506 USA","DELIVERED"
902,1,166,"Youngstown, OH 44506 USA","DELIVERED"
904,1,390,"Pritchett, CO 81064 USA","DELIVERED"
905,1,105,"Richfield, PA 17086 USA","DELIVERED"
906,1,105,"Richfield, PA 17086 USA","DELIVERED"
907,1,320,"Fayetteville, NC 28305 USA","DELIVERED"
909,1,215,"Cincinnati, OH 45237 USA","DELIVERED"
910,1,215,"Cincinnati, OH 45237 USA","DELIVERED"
911,1,172,"Ludlow Falls, OH 45339 USA","DELIVERED"
912,1,374,"Zap, ND 58580 USA","DELIVERED"
913,1,374,"Zap, ND 58580 USA","DELIVERED"
915,1,293,"Duffield, VA 24244 USA","DELIVERED"
916,1,169,"Willisburg, KY 40078 USA","DELIVERED"
918,1,197,"Olive Hill, KY 41164 USA","DELIVERED"
919,1,70,"Shandaken, NY 12480 USA","DELIVERED"
920,1,70,"Shandaken, NY 12480 USA","DELIVERED"
921,1,112,"Punta Gorda, FL 33983 USA","DELIVERED"
922,1,112,"Punta Gorda, FL 33983 USA","DELIVERED"
923,1,112,"Punta Gorda, FL 33983 USA","DELIVERED"
924,1,58,"Inwood, NY 11096 USA","DELIVERED"
925,1,58,"Inwood, NY 11096 USA","DELIVERED"
926,1,297,"Sac City, IA 50583 USA","DELIVERED"
927,1,379,"Mclean, TX 79057 USA","DELIVERED"
928,1,41,"South Pomfret, VT 05067 USA","DELIVERED"
929,1,41,"South Pomfret, VT 05067 USA","DELIVERED"
930,1,352,"Hartfield, VA 23071 USA","DELIVERED"
931,1,100,"Springville, PA 18844 USA","DELIVERED"
932,1,385,"Pueblo, CO 81001 USA","DELIVERED"
933,1,336,"Seymour, TN 37865 USA","DELIVERED"
934,1,87,"Ashville, NY 14710 USA","DELIVERED"
935,1,36,"Fair Haven, NJ 07704 USA","DELIVERED"
936,1,36,"Fair Haven, NJ 07704 USA","DELIVERED"
937,1,198,"Sandy Hook, KY 41171 USA","DELIVERED"
938,1,265,"Middletown, MO 63359 USA","DELIVERED"
939,1,61,"Remsenburg, NY 11960 USA","DELIVERED"
940,1,155,"Lewes, DE 19958 USA","DELIVERED"
941,1,331,"Sawyer, MI 49125 USA","DELIVERED"
942,1,366,"Rosedale, LA 70772 USA","DELIVERED"
943,1,366,"Rosedale, LA 70772 USA","DELIVERED"
944,1,310,"Sugar Grove, VA 24375 USA","DELIVERED"
945,1,145,"Fort Lauderdale, FL 33334 USA","DELIVERED"
946,1,283,"Oak Ridge, TN 37830 USA","DELIVERED"
947,1,283,"Oak Ridge, TN 37830 USA","DELIVERED"
948,1,209,"London, OH 43140 USA","DELIVERED"
949,1,209,"London, OH 43140 USA","DELIVERED"
950,1,291,"Chantilly, VA 20151 USA","DELIVERED"
952,1,190,"Plainfield, OH 43836 USA","DELIVERED"
953,1,190,"Plainfield, OH 43836 USA","DELIVERED"
954,1,373,"Isabella, OK 73747 USA","DELIVERED"
955,1,16,"Hampton, NH 03842 USA","DELIVERED"
956,1,16,"Hampton, NH 03842 USA","DELIVERED"
958,1,189,"Dayton, KY 41074 USA","DELIVERED"
959,1,174,"Gleason, TN 38229 USA","DELIVERED"
960,1,174,"Gleason, TN 38229 USA","DELIVERED"
961,1,333,"Charles Town, WV 25414 USA","DELIVERED"
962,1,97,"Mifflinville, PA 18631 USA","DELIVERED"
963,1,97,"Mifflinville, PA 18631 USA","DELIVERED"
964,1,299,"Wyoming, WV 24898 USA","DELIVERED"
965,1,64,"Smithville Flats, NY 13841 USA","DELIVERED"
966,1,285,"South Bend, IN 46637 USA","DELIVERED"
967,1,215,"Cincinnati, OH 45237 USA","DELIVERED"
968,1,215,"Cincinnati, OH 45237 USA","DELIVERED"
969,1,372,"Arkadelphia, AR 71923 USA","DELIVERED"
970,1,372,"Arkadelphia, AR 71923 USA","DELIVERED"
971,1,78,"Mayville, NY 14757 USA","DELIVERED"
972,1,78,"Mayville, NY 14757 USA","DELIVERED"
973,1,354,"Stockdale, TX 78160 USA","DELIVERED"
974,1,254,"Granite City, IL 62040 USA","DELIVERED"
975,1,254,"Granite City, IL 62040 USA","DELIVERED"
976,1,361,"Los Angeles, CA 90026 USA","DELIVERED"
977,1,5,"East Walpole, MA 02032 USA","DELIVERED"
978,1,203,"Midnight, MS 39115 USA","DELIVERED"
979,1,111,"Masontown, PA 15461 USA","DELIVERED"
981,1,78,"Mayville, NY 14757 USA","DELIVERED"
983,1,249,"Mount Gilead, OH 43338 USA","DELIVERED"
984,1,213,"Hickory, MS 39332 USA","DELIVERED"
986,1,313,"Heiskell, TN 37754 USA","DELIVERED"
987,1,386,"Klondike, TX 75448 USA","DELIVERED"
988,1,57,"Putnam Valley, NY 10579 USA","DELIVERED"
989,1,57,"Putnam Valley, NY 10579 USA","DELIVERED"
990,1,284,"Summit Point, WV 25446 USA","DELIVERED"
991,1,42,"Florida, NY 10921 USA","DELIVERED"
992,1,213,"Hickory, MS 39332 USA","DELIVERED"
994,1,103,"Jamestown, PA 16134 USA","DELIVERED"
995,1,336,"Seymour, TN 37865 USA","DELIVERED"
996,1,336,"Seymour, TN 37865 USA","DELIVERED"
997,1,124,"Decatur, GA 30032 USA","DELIVERED"
998,1,300,"Aredale, IA 50605 USA","DELIVERED"
999,1,300,"Aredale, IA 50605 USA","DELIVERED"
1000,1,309,"Saint Francis, WI 53235 USA","DELIVERED"
1001,1,318,"Burnett, WI 53922 USA","DELIVERED"
1002,1,171,"Irvington, KY 40146 USA","DELIVERED"
1003,1,76,"Honeoye, NY 14471 USA","DELIVERED"
1004,1,380,"Pflugerville, TX 78660 USA","DELIVERED"
1006,1,380,"Pflugerville, TX 78660 USA","DELIVERED"
1007,1,305,"Corapeake, NC 27926 USA","DELIVERED"
1008,1,305,"Corapeake, NC 27926 USA","DELIVERED"
1009,1,199,"Meally, KY 41234 USA","DELIVERED"
1010,1,159,"Belton, SC 29627 USA","DELIVERED"
1011,1,159,"Belton, SC 29627 USA","DELIVERED"
1012,1,372,"Arkadelphia, AR 71923 USA","DELIVERED"
1013,1,372,"Arkadelphia, AR 71923 USA","DELIVERED"
1014,1,310,"Sugar Grove, VA 24375 USA","DELIVERED"
1015,1,355,"San Antonio, TX 78204 USA","DELIVERED"
1016,1,157,"Ashland City, TN 37015 USA","DELIVERED"
1017,1,384,"Houston, TX 77063 USA","DELIVERED"
1018,1,45,"Jobstown, NJ 08041 USA","DELIVERED"
1019,1,45,"Jobstown, NJ 08041 USA","DELIVERED"
1020,1,263,"Madrid, IA 50156 USA","DELIVERED"
1021,1,263,"Madrid, IA 50156 USA","DELIVERED"
1022,1,172,"Ludlow Falls, OH 45339 USA","DELIVERED"
1023,1,25,"Bingham, ME 04920 USA","DELIVERED"
1024,1,25,"Bingham, ME 04920 USA","DELIVERED"
1025,1,25,"Bingham, ME 04920 USA","DELIVERED"
1026,1,225,"Chatfield, OH 44825 USA","DELIVERED"
1027,1,238,"Manchester, KY 40962 USA","DELIVERED"
1028,1,342,"Ceresco, MI 49033 USA","DELIVERED"
1029,1,342,"Ceresco, MI 49033 USA","DELIVERED"
1030,1,263,"Madrid, IA 50156 USA","DELIVERED"
1031,1,263,"Madrid, IA 50156 USA","DELIVERED"
1032,1,46,"Prospect, CT 06712 USA","DELIVERED"
1033,1,179,"Louisville, KY 40280 USA","DELIVERED"
1034,1,179,"Louisville, KY 40280 USA","DELIVERED"
1035,1,324,"Russellville, IN 46175 USA","DELIVERED"
1036,1,79,"Watkins Glen, NY 14891 USA","DELIVERED"
1037,1,79,"Watkins Glen, NY 14891 USA","DELIVERED"
1038,1,133,"Siloam, GA 30665 USA","DELIVERED"
1039,1,19,"West Harwich, MA 02671 USA","DELIVERED"
1040,1,19,"West Harwich, MA 02671 USA","DELIVERED"
1041,1,11,"Prudence Island, RI 02872 USA","DELIVERED"
1042,1,226,"Rutland, OH 45775 USA","DELIVERED"
1043,1,169,"Willisburg, KY 40078 USA","DELIVERED"
1044,1,169,"Willisburg, KY 40078 USA","DELIVERED"
1045,1,55,"North Chatham, NY 12132 USA","DELIVERED"
1046,1,3,"Webster, MA 01570 USA","DELIVERED"
1047,1,308,"Washington, DC 20427 USA","DELIVERED"
1048,1,350,"Walford, IA 52351 USA","DELIVERED"
1049,1,6,"Medfield, MA 02052 USA","DELIVERED"
1050,1,231,"North Star, OH 45350 USA","DELIVERED"
1051,1,231,"North Star, OH 45350 USA","DELIVERED"
1053,1,297,"Sac City, IA 50583 USA","DELIVERED"
1054,1,352,"Hartfield, VA 23071 USA","DELIVERED"
1055,1,352,"Hartfield, VA 23071 USA","DELIVERED"
1056,1,256,"Ashley, OH 43003 USA","DELIVERED"
1057,1,256,"Ashley, OH 43003 USA","DELIVERED"
1058,1,308,"Washington, DC 20427 USA","DELIVERED"
1059,1,76,"Honeoye, NY 14471 USA","DELIVERED"
1060,1,111,"Masontown, PA 15461 USA","DELIVERED"
1061,1,99,"Centerville, PA 16404 USA","DELIVERED"
1062,1,194,"Philpot, KY 42366 USA","DELIVERED"
1063,1,194,"Philpot, KY 42366 USA","DELIVERED"
1064,1,39,"Brookton, ME 04413 USA","DELIVERED"
1065,1,203,"Midnight, MS 39115 USA","DELIVERED"
1066,1,203,"Midnight, MS 39115 USA","DELIVERED"
1067,1,294,"Coal City, WV 25823 USA","DELIVERED"
1068,1,294,"Coal City, WV 25823 USA","DELIVERED"
1069,1,261,"Saint Louis, MO 63126 USA","DELIVERED"
1070,1,261,"Saint Louis, MO 63126 USA","DELIVERED"
1071,1,264,"Haverhill, OH 45636 USA","DELIVERED"
1072,1,264,"Haverhill, OH 45636 USA","DELIVERED"
1073,1,271,"Allons, TN 38541 USA","DELIVERED"
1074,1,189,"Dayton, KY 41074 USA","DELIVERED"
1075,1,33,"Essex, CT 06426 USA","DELIVERED"
1076,1,33,"Essex, CT 06426 USA","DELIVERED"
1077,1,33,"Essex, CT 06426 USA","DELIVERED"
1078,1,124,"Decatur, GA 30032 USA","DELIVERED"
1079,1,71,"Copake Falls, NY 12517 USA","DELIVERED"
1080,1,71,"Copake Falls, NY 12517 USA","DELIVERED"
1081,1,263,"Madrid, IA 50156 USA","DELIVERED"
1082,1,263,"Madrid, IA 50156 USA","DELIVERED"
1083,1,332,"Charleston, WV 25304 USA","DELIVERED"
1084,1,136,"Lakeland, FL 33810 USA","DELIVERED"
1085,1,136,"Lakeland, FL 33810 USA","DELIVERED"
1086,1,344,"Boyden, IA 51234 USA","DELIVERED"
1087,1,381,"Bigelow, AR 72016 USA","DELIVERED"
1088,1,381,"Bigelow, AR 72016 USA","DELIVERED"
1089,1,107,"Gardners, PA 17324 USA","DELIVERED"
1090,1,107,"Gardners, PA 17324 USA","DELIVERED"
1091,1,182,"Cleveland, TN 37312 USA","DELIVERED"
1092,1,289,"Oakville, IN 47367 USA","DELIVERED"
1094,1,14,"Hathorne, MA 01937 USA","DELIVERED"
1095,1,326,"Lanse, MI 49946 USA","DELIVERED"
1096,1,49,"Rio Grande, NJ 08242 USA","DELIVERED"
1097,1,49,"Rio Grande, NJ 08242 USA","DELIVERED"
1098,1,169,"Willisburg, KY 40078 USA","DELIVERED"
1099,1,85,"Westmoreland City, PA 15692 USA","DELIVERED"
1100,1,120,"Wilburton, PA 17888 USA","DELIVERED"
1101,1,120,"Wilburton, PA 17888 USA","DELIVERED"
1102,1,204,"Taylors, SC 29687 USA","DELIVERED"
1103,1,204,"Taylors, SC 29687 USA","DELIVERED"
1104,1,204,"Taylors, SC 29687 USA","DELIVERED"
1105,1,141,"Saint Augustine, FL 32095 USA","DELIVERED"
1106,1,102,"Entriken, PA 16638 USA","DELIVERED"
1107,1,166,"Youngstown, OH 44506 USA","DELIVERED"
1108,1,54,"New Brunswick, NJ 08901 USA","DELIVERED"
1109,1,54,"New Brunswick, NJ 08901 USA","DELIVERED"
1110,1,100,"Springville, PA 18844 USA","DELIVERED"
1111,1,75,"Conklin, NY 13748 USA","DELIVERED"
1112,1,75,"Conklin, NY 13748 USA","DELIVERED"
1113,1,28,"Edgewater, NJ 07020 USA","DELIVERED"
1114,1,28,"Edgewater, NJ 07020 USA","DELIVERED"
1115,1,132,"Newberry, FL 32669 USA","DELIVERED"
1116,1,132,"Newberry, FL 32669 USA","DELIVERED"
1117,1,357,"Thrall, TX 76578 USA","DELIVERED"
1118,1,222,"Arkansas City, KS 67005 USA","DELIVERED"
1119,1,388,"Occidental, CA 95465 USA","DELIVERED"
1120,1,388,"Occidental, CA 95465 USA","DELIVERED"
1123,1,88,"Jenners, PA 15546 USA","DELIVERED"
1124,1,229,"Mayfield, KS 67103 USA","DELIVERED"
1125,1,310,"Sugar Grove, VA 24375 USA","DELIVERED"
1126,1,330,"Massey, MD 21650 USA","DELIVERED"
1127,1,330,"Massey, MD 21650 USA","DELIVERED"
1128,1,330,"Massey, MD 21650 USA","DELIVERED"
1129,1,220,"Maple Heights, OH 44137 USA","DELIVERED"
1130,1,363,"Raymondville, TX 78580 USA","DELIVERED"
1131,1,303,"Nora, VA 24272 USA","DELIVERED"
1132,1,311,"Rustburg, VA 24588 USA","DELIVERED"
1133,1,51,"Queens Village, NY 11428 USA","DELIVERED"
1134,1,51,"Queens Village, NY 11428 USA","DELIVERED"
1135,1,34,"Lebanon, CT 06249 USA","DELIVERED"
1136,1,34,"Lebanon, CT 06249 USA","DELIVERED"
1137,1,146,"Carbon Hill, AL 35549 USA","DELIVERED"
1138,1,146,"Carbon Hill, AL 35549 USA","DELIVERED"
1139,1,289,"Oakville, IN 47367 USA","DELIVERED"
1140,1,289,"Oakville, IN 47367 USA","DELIVERED"
1141,1,327,"Painesdale, MI 49955 USA","DELIVERED"
1143,1,75,"Conklin, NY 13748 USA","DELIVERED"
1145,1,268,"Mayfield, MI 49666 USA","DELIVERED"
1146,1,375,"Chebanse, IL 60922 USA","DELIVERED"
1147,1,40,"Thorndike, ME 04986 USA","DELIVERED"
1148,1,40,"Thorndike, ME 04986 USA","DELIVERED"
1150,1,109,"New Park, PA 17352 USA","DELIVERED"
1151,1,346,"Greensburg, IN 47240 USA","DELIVERED"
1152,1,335,"Scranton, PA 18510 USA","DELIVERED"
1153,1,335,"Scranton, PA 18510 USA","DELIVERED"
1154,1,364,"Jarreau, LA 70749 USA","DELIVERED"
1155,1,324,"Russellville, IN 46175 USA","DELIVERED"
1156,1,324,"Russellville, IN 46175 USA","DELIVERED"
1157,1,99,"Centerville, PA 16404 USA","DELIVERED"
1158,1,185,"Dayton, TN 37321 USA","DELIVERED"
1159,1,261,"Saint Louis, MO 63126 USA","DELIVERED"
1160,1,97,"Mifflinville, PA 18631 USA","DELIVERED"
1161,1,292,"Charlotte Court House, VA 23923 USA","DELIVERED"
1162,1,292,"Charlotte Court House, VA 23923 USA","DELIVERED"
1163,1,292,"Charlotte Court House, VA 23923 USA","DELIVERED"
1164,1,332,"Charleston, WV 25304 USA","DELIVERED"
1165,1,281,"Frankfort, IN 46041 USA","DELIVERED"
1166,1,281,"Frankfort, IN 46041 USA","DELIVERED"
1167,1,90,"Adamsburg, PA 15611 USA","DELIVERED"
1168,1,349,"Dorchester, IA 52140 USA","DELIVERED"
1169,1,350,"Walford, IA 52351 USA","DELIVERED"
1170,1,77,"Lily Dale, NY 14752 USA","DELIVERED"
1171,1,224,"Northfield, OH 44067 USA","DELIVERED"
1172,1,248,"Grand Rapids, MI 49525 USA","DELIVERED"
1173,1,248,"Grand Rapids, MI 49525 USA","DELIVERED"
1174,1,121,"Tower City, PA 17980 USA","DELIVERED"
1175,1,189,"Dayton, KY 41074 USA","DELIVERED"
1177,1,171,"Irvington, KY 40146 USA","DELIVERED"
1178,1,54,"New Brunswick, NJ 08901 USA","DELIVERED"
1179,1,206,"Nashville, GA 31639 USA","DELIVERED"
1180,1,228,"Capac, MI 48014 USA","DELIVERED"
1181,1,228,"Capac, MI 48014 USA","DELIVERED"
1183,1,379,"Mclean, TX 79057 USA","DELIVERED"
1184,1,379,"Mclean, TX 79057 USA","DELIVERED"
1185,1,61,"Remsenburg, NY 11960 USA","DELIVERED"
1186,1,208,"Midvale, OH 44653 USA","DELIVERED"
1187,1,208,"Midvale, OH 44653 USA","DELIVERED"
1188,1,116,"Dewart, PA 17730 USA","DELIVERED"
1189,1,116,"Dewart, PA 17730 USA","DELIVERED"
1190,1,317,"Charlotte, NC 28227 USA","DELIVERED"
1191,1,317,"Charlotte, NC 28227 USA","DELIVERED"
1192,1,192,"Nashville, TN 37214 USA","DELIVERED"
1193,1,203,"Midnight, MS 39115 USA","DELIVERED"
1195,1,17,"Carlisle, MA 01741 USA","DELIVERED"
1196,1,248,"Grand Rapids, MI 49525 USA","DELIVERED"
1198,1,258,"Mc Lain, MS 39456 USA","DELIVERED"
1199,1,258,"Mc Lain, MS 39456 USA","DELIVERED"
1200,1,122,"Hampton, SC 29924 USA","DELIVERED"
1201,1,370,"Westcliffe, CO 81252 USA","DELIVERED"
1202,1,370,"Westcliffe, CO 81252 USA","DELIVERED"
1203,1,382,"Montegut, LA 70377 USA","DELIVERED"
1204,1,382,"Montegut, LA 70377 USA","DELIVERED"
1205,1,103,"Jamestown, PA 16134 USA","DELIVERED"
1206,1,362,"Industry, TX 78944 USA","DELIVERED"
1207,1,362,"Industry, TX 78944 USA","DELIVERED"
1208,1,165,"Cleveland, OH 44121 USA","DELIVERED"
1209,1,163,"Statesville, NC 28677 USA","DELIVERED"
1210,1,163,"Statesville, NC 28677 USA","DELIVERED"
1211,1,321,"Baltimore, MD 21223 USA","DELIVERED"
1212,1,45,"Jobstown, NJ 08041 USA","DELIVERED"
1213,1,118,"Roaring Branch, PA 17765 USA","DELIVERED"
1214,1,134,"Beverly Hills, FL 34465 USA","DELIVERED"
1215,1,134,"Beverly Hills, FL 34465 USA","DELIVERED"
1216,1,346,"Greensburg, IN 47240 USA","DELIVERED"
1217,1,346,"Greensburg, IN 47240 USA","DELIVERED"
1218,1,355,"San Antonio, TX 78204 USA","DELIVERED"
1219,1,275,"Kansas City, MO 64110 USA","DELIVERED"
1220,1,359,"Littleton, CO 80123 USA","DELIVERED"
1221,1,146,"Carbon Hill, AL 35549 USA","DELIVERED"
1222,1,146,"Carbon Hill, AL 35549 USA","DELIVERED"
1223,1,146,"Carbon Hill, AL 35549 USA","DELIVERED"
1224,1,9,"Devens, MA 01434 USA","DELIVERED"
1226,1,190,"Plainfield, OH 43836 USA","DELIVERED"
1227,1,153,"Alexandria, VA 22312 USA","DELIVERED"
1228,1,334,"Falling Waters, WV 25419 USA","DELIVERED"
1229,1,334,"Falling Waters, WV 25419 USA","DELIVERED"
1230,1,299,"Wyoming, WV 24898 USA","DELIVERED"
1231,1,299,"Wyoming, WV 24898 USA","DELIVERED"
1232,1,240,"Beaverdam, OH 45808 USA","DELIVERED"
1233,1,255,"Mount Sherman, KY 42764 USA","DELIVERED"
1234,1,255,"Mount Sherman, KY 42764 USA","DELIVERED"
1235,1,318,"Burnett, WI 53922 USA","DELIVERED"
1236,1,257,"Neon, KY 41840 USA","DELIVERED"
1237,1,161,"Tyler, AL 36785 USA","DELIVERED"
1238,1,362,"Industry, TX 78944 USA","DELIVERED"
1239,1,10,"Piermont, NH 03779 USA","DELIVERED"
1240,1,385,"Pueblo, CO 81001 USA","DELIVERED"
1241,1,274,"Memphis, TN 38104 USA","DELIVERED"
1242,1,274,"Memphis, TN 38104 USA","DELIVERED"
1243,1,274,"Memphis, TN 38104 USA","DELIVERED"
1244,1,29,"Secaucus, NJ 07094 USA","DELIVERED"
1245,1,175,"Duncan, MS 38740 USA","DELIVERED"
1246,1,175,"Duncan, MS 38740 USA","DELIVERED"
1247,1,147,"Ardmore, AL 35739 USA","DELIVERED"
1248,1,7,"Boston, MA 02115 USA","DELIVERED"
1249,1,207,"Brighton, MI 48114 USA","DELIVERED"
1250,1,207,"Brighton, MI 48114 USA","DELIVERED"
1251,1,118,"Roaring Branch, PA 17765 USA","DELIVERED"
1252,1,118,"Roaring Branch, PA 17765 USA","DELIVERED"
1253,1,118,"Roaring Branch, PA 17765 USA","DELIVERED"
1254,1,33,"Essex, CT 06426 USA","DELIVERED"
1255,1,33,"Essex, CT 06426 USA","DELIVERED"
1256,1,328,"Conway, MI 49722 USA","DELIVERED"
1257,1,328,"Conway, MI 49722 USA","DELIVERED"
1258,1,384,"Houston, TX 77063 USA","DELIVERED"
1260,1,237,"Loyall, KY 40854 USA","DELIVERED"
1261,1,11,"Prudence Island, RI 02872 USA","DELIVERED"
1262,1,11,"Prudence Island, RI 02872 USA","DELIVERED"
1263,1,111,"Masontown, PA 15461 USA","DELIVERED"
1264,1,301,"Medora, IN 47260 USA","DELIVERED"
1265,1,130,"Sumterville, FL 33585 USA","DELIVERED"
1266,1,130,"Sumterville, FL 33585 USA","DELIVERED"
1267,1,130,"Sumterville, FL 33585 USA","DELIVERED"
1268,1,244,"Brandon, MS 39047 USA","DELIVERED"
1270,1,9,"Devens, MA 01434 USA","DELIVERED"
1271,1,9,"Devens, MA 01434 USA","DELIVERED"
1272,1,25,"Bingham, ME 04920 USA","DELIVERED"
1273,1,364,"Jarreau, LA 70749 USA","DELIVERED"
1274,1,364,"Jarreau, LA 70749 USA","DELIVERED"
1275,1,173,"Oxford, MS 38655 USA","DELIVERED"
1276,1,173,"Oxford, MS 38655 USA","DELIVERED"
1277,1,391,"Newton, UT 84327 USA","DELIVERED"
1278,1,161,"Tyler, AL 36785 USA","DELIVERED"
1279,1,188,"Morning View, KY 41063 USA","DELIVERED"
1280,1,188,"Morning View, KY 41063 USA","DELIVERED"
1281,1,188,"Morning View, KY 41063 USA","DELIVERED"
1282,1,369,"Espanola, NM 87532 USA","DELIVERED"
1283,1,369,"Espanola, NM 87532 USA","DELIVERED"
1284,1,27,"Cornish, ME 04020 USA","DELIVERED"
1285,1,27,"Cornish, ME 04020 USA","DELIVERED"
1286,1,213,"Hickory, MS 39332 USA","DELIVERED"
1287,1,170,"Garfield, KY 40140 USA","DELIVERED"
1288,1,170,"Garfield, KY 40140 USA","DELIVERED"
1289,1,184,"Glendale, SC 29346 USA","DELIVERED"
1291,1,201,"Walnut Grove, MS 39189 USA","DELIVERED"
1292,1,201,"Walnut Grove, MS 39189 USA","DELIVERED"
1293,1,234,"Rhodes, IA 50234 USA","DELIVERED"
1294,1,234,"Rhodes, IA 50234 USA","DELIVERED"
1296,1,373,"Isabella, OK 73747 USA","DELIVERED"
1297,1,373,"Isabella, OK 73747 USA","DELIVERED"
1298,1,136,"Lakeland, FL 33810 USA","DELIVERED"
1299,1,136,"Lakeland, FL 33810 USA","DELIVERED"
1300,1,383,"Iowa Falls, IA 50126 USA","DELIVERED"
1301,1,8,"Boston, MA 02116 USA","DELIVERED"
1302,1,8,"Boston, MA 02116 USA","DELIVERED"
1303,1,192,"Nashville, TN 37214 USA","DELIVERED"
1304,1,192,"Nashville, TN 37214 USA","DELIVERED"
1305,1,202,"Somerset, KY 42503 USA","DELIVERED"
1306,1,114,"Milanville, PA 18443 USA","DELIVERED"
1308,1,308,"Washington, DC 20427 USA","DELIVERED"
1309,1,355,"San Antonio, TX 78204 USA","DELIVERED"
1310,1,176,"Inverness, MS 38753 USA","IN-TRANSIT"
1311,1,100,"Springville, PA 18844 USA","DELIVERED"
1312,1,91,"Tyrone, PA 16686 USA","DELIVERED"
1313,1,313,"Heiskell, TN 37754 USA","DELIVERED"
1314,1,167,"Chesterfield, MO 63017 USA","DELIVERED"
1315,1,302,"North Vernon, IN 47265 USA","DELIVERED"
1317,1,58,"Inwood, NY 11096 USA","DELIVERED"
1318,1,58,"Inwood, NY 11096 USA","DELIVERED"
1319,1,92,"Nanty Glo, PA 15943 USA","DELIVERED"
1321,1,107,"Gardners, PA 17324 USA","DELIVERED"
1322,1,107,"Gardners, PA 17324 USA","DELIVERED"
1323,1,337,"Cutler, IN 46920 USA","DELIVERED"
1324,1,285,"South Bend, IN 46637 USA","DELIVERED"
1325,1,285,"South Bend, IN 46637 USA","DELIVERED"
1326,1,186,"Waterford, MI 48327 USA","DELIVERED"
1327,1,186,"Waterford, MI 48327 USA","DELIVERED"
1328,1,169,"Willisburg, KY 40078 USA","DELIVERED"
1329,1,252,"Chuckey, TN 37641 USA","DELIVERED"
1330,1,90,"Adamsburg, PA 15611 USA","DELIVERED"
1331,1,49,"Rio Grande, NJ 08242 USA","DELIVERED"
1332,1,49,"Rio Grande, NJ 08242 USA","DELIVERED"
1333,1,49,"Rio Grande, NJ 08242 USA","DELIVERED"
1334,1,153,"Alexandria, VA 22312 USA","DELIVERED"
1335,1,68,"Keeseville, NY 12944 USA","DELIVERED"
1336,1,352,"Hartfield, VA 23071 USA","DELIVERED"
1337,1,352,"Hartfield, VA 23071 USA","DELIVERED"
1338,1,352,"Hartfield, VA 23071 USA","DELIVERED"
1339,1,99,"Centerville, PA 16404 USA","DELIVERED"
1340,1,99,"Centerville, PA 16404 USA","DELIVERED"
1341,1,175,"Duncan, MS 38740 USA","DELIVERED"
1342,1,115,"Newfoundland, PA 18445 USA","DELIVERED"
1343,1,280,"Hendersonville, NC 28739 USA","DELIVERED"
1344,1,335,"Scranton, PA 18510 USA","DELIVERED"
1345,1,381,"Bigelow, AR 72016 USA","DELIVERED"
1346,1,390,"Pritchett, CO 81064 USA","DELIVERED"
1348,1,262,"Chattanooga, TN 37412 USA","DELIVERED"
1349,1,262,"Chattanooga, TN 37412 USA","DELIVERED"
1350,1,336,"Seymour, TN 37865 USA","DELIVERED"
1351,1,336,"Seymour, TN 37865 USA","DELIVERED"
1352,1,331,"Sawyer, MI 49125 USA","DELIVERED"
1353,1,147,"Ardmore, AL 35739 USA","DELIVERED"
1354,1,44,"Belle Mead, NJ 08502 USA","DELIVERED"
1355,1,318,"Burnett, WI 53922 USA","DELIVERED"
1356,1,318,"Burnett, WI 53922 USA","DELIVERED"
1357,1,321,"Baltimore, MD 21223 USA","DELIVERED"
1359,1,61,"Remsenburg, NY 11960 USA","DELIVERED"
1361,1,114,"Milanville, PA 18443 USA","DELIVERED"
1362,1,148,"Tampa, FL 33604 USA","DELIVERED"
1363,1,148,"Tampa, FL 33604 USA","DELIVERED"
1364,1,13,"Gloucester, MA 01930 USA","DELIVERED"
1365,1,259,"Forest, MS 39074 USA","DELIVERED"
1366,1,317,"Charlotte, NC 28227 USA","DELIVERED"
1368,1,160,"Carrollton, GA 30118 USA","DELIVERED"
1369,1,160,"Carrollton, GA 30118 USA","DELIVERED"
1370,1,251,"Thelma, KY 41260 USA","DELIVERED"
1371,1,251,"Thelma, KY 41260 USA","DELIVERED"
1372,1,314,"Luttrell, TN 37779 USA","DELIVERED"
1373,1,314,"Luttrell, TN 37779 USA","DELIVERED"
1374,1,239,"Deadwood, SD 57732 USA","DELIVERED"
1375,1,239,"Deadwood, SD 57732 USA","DELIVERED"
1376,1,314,"Luttrell, TN 37779 USA","DELIVERED"
1378,1,314,"Luttrell, TN 37779 USA","DELIVERED"
1379,1,115,"Newfoundland, PA 18445 USA","DELIVERED"
1380,1,115,"Newfoundland, PA 18445 USA","DELIVERED"
1381,1,390,"Pritchett, CO 81064 USA","DELIVERED"
1382,1,261,"Saint Louis, MO 63126 USA","DELIVERED"
1383,1,261,"Saint Louis, MO 63126 USA","DELIVERED"
1384,1,50,"Pottersville, NJ 07979 USA","DELIVERED"
1385,1,112,"Punta Gorda, FL 33983 USA","DELIVERED"
1386,1,112,"Punta Gorda, FL 33983 USA","DELIVERED"
1387,1,104,"Plainfield, PA 17081 USA","DELIVERED"
1388,1,104,"Plainfield, PA 17081 USA","DELIVERED"
1389,1,78,"Mayville, NY 14757 USA","DELIVERED"
1390,1,383,"Iowa Falls, IA 50126 USA","DELIVERED"
1391,1,209,"London, OH 43140 USA","DELIVERED"
1392,1,209,"London, OH 43140 USA","DELIVERED"
1393,1,171,"Irvington, KY 40146 USA","DELIVERED"
1394,1,171,"Irvington, KY 40146 USA","DELIVERED"
1395,1,366,"Rosedale, LA 70772 USA","DELIVERED"
1396,1,199,"Meally, KY 41234 USA","DELIVERED"
1397,1,211,"Meridian, MS 39305 USA","DELIVERED"
1398,1,211,"Meridian, MS 39305 USA","DELIVERED"
1399,1,306,"Spanishburg, WV 25922 USA","DELIVERED"
1400,1,306,"Spanishburg, WV 25922 USA","DELIVERED"
1401,1,375,"Chebanse, IL 60922 USA","DELIVERED"
1402,1,104,"Plainfield, PA 17081 USA","DELIVERED"
1403,1,330,"Massey, MD 21650 USA","DELIVERED"
1404,1,330,"Massey, MD 21650 USA","DELIVERED"
1405,1,187,"Spruce, MI 48762 USA","DELIVERED"
1407,1,335,"Scranton, PA 18510 USA","DELIVERED"
1408,1,169,"Willisburg, KY 40078 USA","DELIVERED"
1409,1,32,"Plainfield, NJ 07060 USA","DELIVERED"
1410,1,328,"Conway, MI 49722 USA","DELIVERED"
1411,1,328,"Conway, MI 49722 USA","DELIVERED"
1412,1,343,"Shelby, NC 28150 USA","DELIVERED"
1413,1,245,"Skipperville, AL 36374 USA","DELIVERED"
1414,1,331,"Sawyer, MI 49125 USA","DELIVERED"
1415,1,144,"Fort Lauderdale, FL 33332 USA","DELIVERED"
1416,1,144,"Fort Lauderdale, FL 33332 USA","DELIVERED"
1417,1,6,"Medfield, MA 02052 USA","DELIVERED"
1418,1,253,"Porcupine, SD 57772 USA","DELIVERED"
1419,1,253,"Porcupine, SD 57772 USA","DELIVERED"
1420,1,253,"Porcupine, SD 57772 USA","DELIVERED"
1421,1,229,"Mayfield, KS 67103 USA","DELIVERED"
1422,1,229,"Mayfield, KS 67103 USA","DELIVERED"
1424,1,146,"Carbon Hill, AL 35549 USA","DELIVERED"
1425,1,285,"South Bend, IN 46637 USA","DELIVERED"
1426,1,105,"Richfield, PA 17086 USA","DELIVERED"
1428,1,152,"Lakeshore, FL 33854 USA","DELIVERED"
1429,1,152,"Lakeshore, FL 33854 USA","DELIVERED"
1430,1,7,"Boston, MA 02115 USA","DELIVERED"
1431,1,190,"Plainfield, OH 43836 USA","DELIVERED"
1432,1,190,"Plainfield, OH 43836 USA","DELIVERED"
1433,1,30,"Stamford, VT 05352 USA","DELIVERED"
1434,1,196,"Smiths Creek, MI 48074 USA","DELIVERED"
1435,1,313,"Heiskell, TN 37754 USA","DELIVERED"
1436,1,313,"Heiskell, TN 37754 USA","DELIVERED"
1437,1,133,"Siloam, GA 30665 USA","DELIVERED"
1438,1,133,"Siloam, GA 30665 USA","DELIVERED"
1439,1,43,"Allentown, NJ 08501 USA","DELIVERED"
1440,1,43,"Allentown, NJ 08501 USA","DELIVERED"
1441,1,177,"Dawson, ND 58428 USA","DELIVERED"
1442,1,177,"Dawson, ND 58428 USA","DELIVERED"
1443,1,21,"Nobleboro, ME 04555 USA","DELIVERED"
1444,1,142,"Fort Mill, SC 29707 USA","DELIVERED"
1445,1,219,"Maineville, OH 45039 USA","DELIVERED"
1446,1,219,"Maineville, OH 45039 USA","DELIVERED"
1447,1,55,"North Chatham, NY 12132 USA","DELIVERED"
1448,1,55,"North Chatham, NY 12132 USA","DELIVERED"
1449,1,327,"Painesdale, MI 49955 USA","DELIVERED"
1450,1,135,"Lakeland, FL 33803 USA","DELIVERED"
1451,1,234,"Rhodes, IA 50234 USA","DELIVERED"
1452,1,52,"Cedarhurst, NY 11516 USA","DELIVERED"
1454,1,95,"Fredericksburg, PA 17026 USA","DELIVERED"
1455,1,73,"Salt Point, NY 12578 USA","DELIVERED"
1456,1,188,"Morning View, KY 41063 USA","DELIVERED"
1457,1,203,"Midnight, MS 39115 USA","DELIVERED"
1458,1,203,"Midnight, MS 39115 USA","DELIVERED"
1459,1,172,"Ludlow Falls, OH 45339 USA","DELIVERED"
1460,1,249,"Mount Gilead, OH 43338 USA","DELIVERED"
1461,1,249,"Mount Gilead, OH 43338 USA","DELIVERED"
1462,1,75,"Conklin, NY 13748 USA","DELIVERED"
1463,1,75,"Conklin, NY 13748 USA","DELIVERED"
1464,1,295,"Summitville, IN 46070 USA","DELIVERED"
1465,1,295,"Summitville, IN 46070 USA","DELIVERED"
1466,1,370,"Westcliffe, CO 81252 USA","DELIVERED"
1467,1,100,"Springville, PA 18844 USA","DELIVERED"
1468,1,92,"Nanty Glo, PA 15943 USA","DELIVERED"
1470,1,56,"Melville, NY 11747 USA","DELIVERED"
1471,1,241,"Amanda, OH 43102 USA","DELIVERED"
1472,1,241,"Amanda, OH 43102 USA","DELIVERED"
1473,1,14,"Hathorne, MA 01937 USA","DELIVERED"
1474,1,229,"Mayfield, KS 67103 USA","DELIVERED"
1475,1,229,"Mayfield, KS 67103 USA","DELIVERED"
1476,1,367,"Walker, LA 70785 USA","DELIVERED"
1477,1,287,"Blandon, PA 19510 USA","DELIVERED"
1478,1,287,"Blandon, PA 19510 USA","DELIVERED"
1479,1,161,"Tyler, AL 36785 USA","DELIVERED"
1480,1,161,"Tyler, AL 36785 USA","DELIVERED"
1481,1,161,"Tyler, AL 36785 USA","DELIVERED"
1482,1,154,"Montverde, FL 34756 USA","DELIVERED"
1483,1,154,"Montverde, FL 34756 USA","DELIVERED"
1484,1,377,"Los Angeles, CA 90036 USA","DELIVERED"
1485,1,273,"Cordova, TN 38016 USA","DELIVERED"
1486,1,273,"Cordova, TN 38016 USA","DELIVERED"
1487,1,227,"Galesville, WI 54630 USA","DELIVERED"
1488,1,108,"Glen Rock, PA 17327 USA","DELIVERED"
1489,1,214,"Paulding, MS 39348 USA","DELIVERED"
1491,1,287,"Blandon, PA 19510 USA","DELIVERED"
1492,1,193,"Nashville, TN 37220 USA","DELIVERED"
1493,1,193,"Nashville, TN 37220 USA","DELIVERED"
1494,1,110,"Lemont Furnace, PA 15456 USA","DELIVERED"
1495,1,110,"Lemont Furnace, PA 15456 USA","DELIVERED"
1496,1,185,"Dayton, TN 37321 USA","DELIVERED"
1497,1,185,"Dayton, TN 37321 USA","DELIVERED"
1498,1,14,"Hathorne, MA 01937 USA","DELIVERED"
1499,1,14,"Hathorne, MA 01937 USA","DELIVERED"
1500,1,161,"Tyler, AL 36785 USA","DELIVERED"
1501,1,15,"Buzzards Bay, MA 02542 USA","DELIVERED"
1502,1,342,"Ceresco, MI 49033 USA","DELIVERED"
1503,1,342,"Ceresco, MI 49033 USA","DELIVERED"
1504,1,235,"Lansing, MI 48933 USA","DELIVERED"
1505,1,235,"Lansing, MI 48933 USA","DELIVERED"
1506,1,119,"Shippensburg, PA 17257 USA","DELIVERED"
1507,1,207,"Brighton, MI 48114 USA","DELIVERED"
1508,1,17,"Carlisle, MA 01741 USA","DELIVERED"
1509,1,17,"Carlisle, MA 01741 USA","DELIVERED"
1510,1,65,"Highland Lake, NY 12743 USA","DELIVERED"
1511,1,279,"Hickman, TN 38567 USA","DELIVERED"
1512,1,47,"Torrington, CT 06790 USA","DELIVERED"
1514,1,133,"Siloam, GA 30665 USA","DELIVERED"
1515,1,153,"Alexandria, VA 22312 USA","DELIVERED"
1516,1,283,"Oak Ridge, TN 37830 USA","DELIVERED"
1517,1,349,"Dorchester, IA 52140 USA","DELIVERED"
1518,1,226,"Rutland, OH 45775 USA","DELIVERED"
1519,1,226,"Rutland, OH 45775 USA","DELIVERED"
1520,1,330,"Massey, MD 21650 USA","DELIVERED"
1521,1,349,"Dorchester, IA 52140 USA","DELIVERED"
1523,1,249,"Mount Gilead, OH 43338 USA","DELIVERED"
1524,1,249,"Mount Gilead, OH 43338 USA","DELIVERED"
1526,1,250,"Ridgeway, OH 43345 USA","DELIVERED"
1527,1,250,"Ridgeway, OH 43345 USA","DELIVERED"
1528,1,290,"Ashburn, VA 20148 USA","DELIVERED"
1529,1,327,"Painesdale, MI 49955 USA","DELIVERED"
1530,1,327,"Painesdale, MI 49955 USA","DELIVERED"
1531,1,316,"Wrightsville Beach, NC 28480 USA","DELIVERED"
1532,1,182,"Cleveland, TN 37312 USA","DELIVERED"
1533,1,239,"Deadwood, SD 57732 USA","DELIVERED"
1535,1,248,"Grand Rapids, MI 49525 USA","DELIVERED"
1536,1,206,"Nashville, GA 31639 USA","DELIVERED"
1537,1,267,"Kingsley, MI 49649 USA","DELIVERED"
1538,1,267,"Kingsley, MI 49649 USA","DELIVERED"
1539,1,358,"Byers, CO 80103 USA","DELIVERED"
1540,1,334,"Falling Waters, WV 25419 USA","DELIVERED"
1541,1,233,"Ovid, MI 48866 USA","DELIVERED"
1542,1,233,"Ovid, MI 48866 USA","DELIVERED"
1543,1,343,"Shelby, NC 28150 USA","DELIVERED"
1544,1,343,"Shelby, NC 28150 USA","DELIVERED"
1545,1,246,"Spring Valley, WI 54767 USA","DELIVERED"
1546,1,246,"Spring Valley, WI 54767 USA","DELIVERED"
1547,1,274,"Memphis, TN 38104 USA","DELIVERED"
1548,1,274,"Memphis, TN 38104 USA","DELIVERED"
1549,1,374,"Zap, ND 58580 USA","DELIVERED"
1550,1,374,"Zap, ND 58580 USA","DELIVERED"
1551,1,53,"Spotswood, NJ 08884 USA","DELIVERED"
1552,1,169,"Willisburg, KY 40078 USA","DELIVERED"
1553,1,65,"Highland Lake, NY 12743 USA","DELIVERED"
1554,1,187,"Spruce, MI 48762 USA","DELIVERED"
1555,1,187,"Spruce, MI 48762 USA","DELIVERED"
1556,1,280,"Hendersonville, NC 28739 USA","DELIVERED"
1557,1,304,"Walstonburg, NC 27888 USA","DELIVERED"
1559,1,304,"Walstonburg, NC 27888 USA","DELIVERED"
1560,1,327,"Painesdale, MI 49955 USA","DELIVERED"
1561,1,320,"Fayetteville, NC 28305 USA","DELIVERED"
1562,1,92,"Nanty Glo, PA 15943 USA","DELIVERED"
1564,1,260,"Canton, OH 44708 USA","DELIVERED"
1566,1,146,"Carbon Hill, AL 35549 USA","DELIVERED"
1567,1,129,"Buena Vista, GA 31803 USA","DELIVERED"
1568,1,236,"Kalamazoo, MI 49006 USA","DELIVERED"
1569,1,300,"Aredale, IA 50605 USA","DELIVERED"
1570,1,58,"Inwood, NY 11096 USA","DELIVERED"
1571,1,58,"Inwood, NY 11096 USA","DELIVERED"
1572,1,138,"Huntsville, AL 35805 USA","DELIVERED"
1573,1,138,"Huntsville, AL 35805 USA","DELIVERED"
1574,1,48,"Camden, NJ 08105 USA","DELIVERED"
1575,1,166,"Youngstown, OH 44506 USA","DELIVERED"
1576,1,166,"Youngstown, OH 44506 USA","DELIVERED"
1577,1,294,"Coal City, WV 25823 USA","DELIVERED"
1578,1,294,"Coal City, WV 25823 USA","DELIVERED"
1579,1,339,"Salix, IA 51052 USA","DELIVERED"
1580,1,223,"Dayton, OH 45432 USA","DELIVERED"
1581,1,223,"Dayton, OH 45432 USA","DELIVERED"
1582,1,41,"South Pomfret, VT 05067 USA","DELIVERED"
1583,1,351,"Montgomeryville, PA 18936 USA","DELIVERED"
1584,1,351,"Montgomeryville, PA 18936 USA","DELIVERED"
1585,1,261,"Saint Louis, MO 63126 USA","DELIVERED"
1586,1,290,"Ashburn, VA 20148 USA","DELIVERED"
1587,1,290,"Ashburn, VA 20148 USA","DELIVERED"
1588,1,272,"Brush Creek, TN 38547 USA","DELIVERED"
1590,1,139,"Huntsville, AL 35808 USA","DELIVERED"
1591,1,139,"Huntsville, AL 35808 USA","DELIVERED"
1592,1,321,"Baltimore, MD 21223 USA","DELIVERED"
1593,1,321,"Baltimore, MD 21223 USA","DELIVERED"
1594,1,211,"Meridian, MS 39305 USA","DELIVERED"
1595,1,211,"Meridian, MS 39305 USA","DELIVERED"
1596,1,387,"Parkman, WY 82838 USA","DELIVERED"
1597,1,256,"Ashley, OH 43003 USA","DELIVERED"
1598,1,40,"Thorndike, ME 04986 USA","DELIVERED"
1599,1,272,"Brush Creek, TN 38547 USA","DELIVERED"
1600,1,231,"North Star, OH 45350 USA","DELIVERED"
1601,1,207,"Brighton, MI 48114 USA","DELIVERED"
1602,1,207,"Brighton, MI 48114 USA","DELIVERED"
1603,1,52,"Cedarhurst, NY 11516 USA","DELIVERED"
1604,1,52,"Cedarhurst, NY 11516 USA","DELIVERED"
1605,1,332,"Charleston, WV 25304 USA","DELIVERED"
1606,1,266,"Le Roy, KS 66857 USA","DELIVERED"
1607,1,348,"Afton, IA 50830 USA","DELIVERED"
1608,1,134,"Beverly Hills, FL 34465 USA","DELIVERED"
1609,1,45,"Jobstown, NJ 08041 USA","DELIVERED"
1610,1,45,"Jobstown, NJ 08041 USA","DELIVERED"
1611,1,11,"Prudence Island, RI 02872 USA","DELIVERED"
1612,1,11,"Prudence Island, RI 02872 USA","DELIVERED"
1614,1,64,"Smithville Flats, NY 13841 USA","DELIVERED"
1615,1,85,"Westmoreland City, PA 15692 USA","DELIVERED"
1616,1,85,"Westmoreland City, PA 15692 USA","DELIVERED"
1617,1,265,"Middletown, MO 63359 USA","DELIVERED"
1618,1,265,"Middletown, MO 63359 USA","DELIVERED"
1619,1,255,"Mount Sherman, KY 42764 USA","DELIVERED"
1620,1,255,"Mount Sherman, KY 42764 USA","DELIVERED"
1621,1,33,"Essex, CT 06426 USA","DELIVERED"
1622,1,33,"Essex, CT 06426 USA","DELIVERED"
1623,1,33,"Essex, CT 06426 USA","DELIVERED"
1624,1,351,"Montgomeryville, PA 18936 USA","SHIPPED"
1625,1,165,"Cleveland, OH 44121 USA","DELIVERED"
1626,1,359,"Littleton, CO 80123 USA","DELIVERED"
1627,1,265,"Middletown, MO 63359 USA","DELIVERED"
1628,1,265,"Middletown, MO 63359 USA","DELIVERED"
1629,1,73,"Salt Point, NY 12578 USA","DELIVERED"
1630,1,322,"Church View, VA 23032 USA","DELIVERED"
1631,1,322,"Church View, VA 23032 USA","DELIVERED"
1632,1,300,"Aredale, IA 50605 USA","DELIVERED"
1633,1,27,"Cornish, ME 04020 USA","DELIVERED"
1634,1,333,"Charles Town, WV 25414 USA","DELIVERED"
1635,1,333,"Charles Town, WV 25414 USA","DELIVERED"
1636,1,317,"Charlotte, NC 28227 USA","DELIVERED"
1637,1,317,"Charlotte, NC 28227 USA","DELIVERED"
1639,1,245,"Skipperville, AL 36374 USA","DELIVERED"
1641,1,48,"Camden, NJ 08105 USA","DELIVERED"
1642,1,154,"Montverde, FL 34756 USA","DELIVERED"
1643,1,289,"Oakville, IN 47367 USA","DELIVERED"
1644,1,289,"Oakville, IN 47367 USA","DELIVERED"
1645,1,28,"Edgewater, NJ 07020 USA","DELIVERED"
1646,1,28,"Edgewater, NJ 07020 USA","DELIVERED"
1647,1,77,"Lily Dale, NY 14752 USA","DELIVERED"
1648,1,77,"Lily Dale, NY 14752 USA","DELIVERED"
1649,1,222,"Arkansas City, KS 67005 USA","DELIVERED"
1650,1,306,"Spanishburg, WV 25922 USA","DELIVERED"
1651,1,27,"Cornish, ME 04020 USA","DELIVERED"
1652,1,198,"Sandy Hook, KY 41171 USA","DELIVERED"
1653,1,198,"Sandy Hook, KY 41171 USA","DELIVERED"
1654,1,19,"West Harwich, MA 02671 USA","DELIVERED"
1655,1,39,"Brookton, ME 04413 USA","DELIVERED"
1656,1,39,"Brookton, ME 04413 USA","DELIVERED"
1657,1,172,"Ludlow Falls, OH 45339 USA","DELIVERED"
1658,1,27,"Cornish, ME 04020 USA","DELIVERED"
1659,1,118,"Roaring Branch, PA 17765 USA","DELIVERED"
1660,1,384,"Houston, TX 77063 USA","DELIVERED"
1661,1,253,"Porcupine, SD 57772 USA","DELIVERED"
1662,1,185,"Dayton, TN 37321 USA","DELIVERED"
1663,1,309,"Saint Francis, WI 53235 USA","DELIVERED"
1664,1,309,"Saint Francis, WI 53235 USA","DELIVERED"
1665,1,309,"Saint Francis, WI 53235 USA","DELIVERED"
1666,1,104,"Plainfield, PA 17081 USA","DELIVERED"
1667,1,258,"Mc Lain, MS 39456 USA","DELIVERED"
1669,1,1,"Boylston, MA 01505 USA","DELIVERED"
1670,1,1,"Boylston, MA 01505 USA","DELIVERED"
1671,1,194,"Philpot, KY 42366 USA","DELIVERED"
1672,1,234,"Rhodes, IA 50234 USA","DELIVERED"
1673,1,234,"Rhodes, IA 50234 USA","DELIVERED"
1674,1,172,"Ludlow Falls, OH 45339 USA","DELIVERED"
1675,1,172,"Ludlow Falls, OH 45339 USA","DELIVERED"
1676,1,232,"Fairchild, WI 54741 USA","DELIVERED"
1677,1,232,"Fairchild, WI 54741 USA","DELIVERED"
1678,1,250,"Ridgeway, OH 43345 USA","DELIVERED"
1679,1,278,"Oolitic, IN 47451 USA","DELIVERED"
1680,1,238,"Manchester, KY 40962 USA","DELIVERED"
1681,1,238,"Manchester, KY 40962 USA","DELIVERED"
1682,1,238,"Manchester, KY 40962 USA","DELIVERED"
1683,1,244,"Brandon, MS 39047 USA","DELIVERED"
1686,1,315,"Beltsville, MD 20705 USA","DELIVERED"
1687,1,220,"Maple Heights, OH 44137 USA","DELIVERED"
1688,1,220,"Maple Heights, OH 44137 USA","DELIVERED"
1689,1,41,"South Pomfret, VT 05067 USA","DELIVERED"
1690,1,347,"Shell Rock, IA 50670 USA","DELIVERED"
1691,1,347,"Shell Rock, IA 50670 USA","DELIVERED"
1692,1,135,"Lakeland, FL 33803 USA","DELIVERED"
1693,1,83,"Bergen, NY 14416 USA","DELIVERED"
1694,1,215,"Cincinnati, OH 45237 USA","DELIVERED"
1695,1,215,"Cincinnati, OH 45237 USA","DELIVERED"
1696,1,357,"Thrall, TX 76578 USA","DELIVERED"
1697,1,357,"Thrall, TX 76578 USA","DELIVERED"
1698,1,87,"Ashville, NY 14710 USA","DELIVERED"
1699,1,196,"Smiths Creek, MI 48074 USA","DELIVERED"
1700,1,336,"Seymour, TN 37865 USA","DELIVERED"
1701,1,166,"Youngstown, OH 44506 USA","DELIVERED"
1702,1,337,"Cutler, IN 46920 USA","DELIVERED"
1703,1,57,"Putnam Valley, NY 10579 USA","DELIVERED"
1704,1,57,"Putnam Valley, NY 10579 USA","DELIVERED"
1705,1,22,"Walpole, ME 04573 USA","DELIVERED"
1706,1,52,"Cedarhurst, NY 11516 USA","DELIVERED"
1707,1,16,"Hampton, NH 03842 USA","DELIVERED"
1708,1,16,"Hampton, NH 03842 USA","DELIVERED"
1709,1,104,"Plainfield, PA 17081 USA","DELIVERED"
1710,1,104,"Plainfield, PA 17081 USA","DELIVERED"
1712,1,65,"Highland Lake, NY 12743 USA","DELIVERED"
1713,1,67,"Greig, NY 13345 USA","DELIVERED"
1714,1,67,"Greig, NY 13345 USA","DELIVERED"
1715,1,234,"Rhodes, IA 50234 USA","DELIVERED"
